date,equity,cash,open_positions,peak,drawdown,daily_ret
2026-01-05,1000000.0,1000000.0,0,1000000.0,0.0,0.0
2026-01-06,1000000.0,1000000.0,0,1000000.0,0.0,0.0
2026-01-07,1000000.0,1000000.0,0,1000000.0,0.0,0.0
2026-01-08,1000000.0,1000000.0,0,1000000.0,0.0,0.0
2026-01-09,1000000.0,1000000.0,0,1000000.0,0.0,0.0
2026-01-12,1000000.0,1000000.0,0,1000000.0,0.0,0.0
2026-01-13,1000000.0,1000000.0,0,1000000.0,0.0,0.0
2026-01-14,1000000.0,1000000.0,0,1000000.0,0.0,0.0
2026-01-16,1000000.0,1000000.0,0,1000000.0,0.0,0.0
2026-01-19,1000000.0,1000000.0,0,1000000.0,0.0,0.0
2026-01-20,1000000.0,1000000.0,0,1000000.0,0.0,0.0
2026-01-21,1000000.0,1000000.0,0,1000000.0,0.0,0.0
2026-01-22,1000000.0,1000000.0,0,1000000.0,0.0,0.0
2026-01-23,982498.3,203204.79,4,1000000.0,-1.7501699999999953,-0.017501699999999953
2026-01-27,984581.95,198441.0,4,1000000.0,-1.5418050000000045,0.0021207670282989977
2026-01-28,989093.55,1026.35,5,1000000.0,-1.0906449999999952,0.0045822493495844
2026-01-29,993297.03,1026.35,5,1000000.0,-0.6702969999999973,0.0042498305645608525
2026-01-30,1000204.42,1026.35,5,1000204.42,0.0,0.006954002469935938
2026-02-02,1012856.48,16.34,5,1012856.48,0.0,0.012649474194485144
2026-02-03,1001756.84,194450.62,4,1012856.48,-1.0958749061861177,-0.010958749061861228
2026-02-04,1026175.19,151.32,5,1026175.19,0.0,0.024375526100725242
2026-02-05,997074.33,5235.73,5,1026175.19,-2.8358569066554793,-0.028358569066554762
2026-02-06,1011719.08,205556.28,4,1026175.19,-1.4087370403098507,0.014687721425944211
2026-02-09,1016766.78,1464.83,5,1026175.19,-0.9168424740418756,0.004989230805057199
2026-02-10,1033014.75,13521.15,5,1033014.75,0.0,0.01598003624784039
2026-02-11,1033601.45,13521.15,5,1033601.45,0.0,0.0005679492959804744
2026-02-12,1012327.32,8828.8,5,1033601.45,-2.0582527240069184,-0.02058252724006915
2026-02-13,991216.86,200359.44,4,1033601.45,-4.100670524407639,-0.020853393544688625
2026-02-16,975709.5,392636.5,3,1033601.45,-5.600993497058267,-0.01564477020699584
2026-02-17,994993.18,2608.33,5,1033601.45,-3.735314999799962,0.019763751403465868
2026-02-18,992204.66,402105.11,3,1033601.45,-4.005101773028659,-0.002802551872767678
2026-02-19,970414.46,200111.53,4,1033601.45,-6.113283800056588,-0.021961396553005552
2026-02-20,971140.42,4608.96,5,1033601.45,-6.043047830476623,0.000748092727307581
2026-02-23,953162.26,14.71,5,1033601.45,-7.782418455392061,-0.018512420685774855
2026-02-24,969201.11,996.27,5,1033601.45,-6.230674308748306,0.01682698809329697
2026-02-25,964015.94,380673.93,3,1033601.45,-6.7323347891975205,-0.005349942283908504
2026-02-26,956622.28,1293.96,5,1033601.45,-7.447664668040077,-0.007669644964584221
2026-02-27,946847.66,1293.96,5,1033601.45,-8.393350260876659,-0.010217846901914074
2026-03-02,934385.14,175547.14,4,1033601.45,-9.599087733477923,-0.013162117335749679
2026-03-04,904933.16,539809.46,2,1033601.45,-12.448540005434388,-0.03152017164998999
2026-03-05,903608.06,539809.46,2,1033601.45,-12.576742224964942,-0.0014643070434063876
2026-03-06,902344.27,360045.12,3,1033601.45,-12.699012757770408,-0.0013986041691571582
2026-03-09,877441.98,354245.38,3,1033601.45,-15.10828666116906,-0.027597327126596682
2026-03-10,885208.83,354245.38,3,1033601.45,-14.356850989324755,0.008851696382249585
2026-03-11,884340.09,518137.09,2,1033601.45,-14.440900794014947,-0.0009813955425637122
2026-03-12,894695.52,339585.82,3,1033601.45,-13.439022362052603,0.011709782375692201
2026-03-13,883446.98,339585.82,3,1033601.45,-14.52730837403527,-0.012572478288479627
2026-03-16,884559.4,339585.82,3,1033601.45,-14.419682751025547,0.001259181394224651
2026-03-17,874405.96,339585.82,3,1033601.45,-15.402018834242154,-0.011478528180244418
2026-03-18,892312.84,354964.92,3,1033601.45,-13.669544484481905,0.020478908904051796
2026-03-19,874008.46,8471.96,5,1033601.45,-15.44047659762861,-0.020513410969184354
2026-03-20,884313.84,178001.82,4,1033601.45,-14.443440457634807,0.011790938499611325
2026-03-23,818827.51,13165.21,5,1033601.45,-20.779183310936723,-0.0740532682378916
2026-03-24,852172.91,168727.89,4,1033601.45,-17.55304619590074,0.04072335088008949
2026-03-25,866235.01,180153.36,4,1033601.45,-16.192550813468763,0.016501463300446773
2026-03-27,857147.08,8294.11,5,1033601.45,-17.071799773500704,-0.010491298429510576
2026-03-30,823357.88,329609.78,3,1033601.45,-20.340874134803116,-0.03942053912147725
2026-04-01,827142.89,479839.19,2,1033601.45,-19.974677860600906,0.0045970410825484365
2026-04-02,836169.34,334378.64,3,1033601.45,-19.101377034639416,0.010912806129543151
2026-04-06,858632.9,2998.7,5,1033601.45,-16.928048040180276,0.026864845343408605
2026-04-07,872616.28,16269.15,5,1033601.45,-15.575168746135171,0.01628563266094285
2026-04-08,911276.53,18959.3,5,1033601.45,-11.834824728622422,0.044303837650152555
2026-04-09,914614.59,18959.3,5,1033601.45,-11.511870460321044,0.003663059335018648
2026-04-10,941872.38,20836.25,5,1033601.45,-8.87470407476692,0.029802487624869478
2026-04-13,949559.88,22673.83,5,1033601.45,-8.13094544323636,0.008161933785551634
2026-04-15,967597.16,230243.36,4,1033601.45,-6.385855012103546,0.018995410800211943
2026-04-16,969905.99,37911.29,5,1033601.45,-6.162477809991459,0.0023861479709179623
2026-04-17,971976.04,37911.29,5,1033601.45,-5.962202355656517,0.0021342790139897705
2026-04-20,960424.14,37911.29,5,1033601.45,-7.079838171666646,-0.011884963748694855
2026-04-21,976736.6,15351.6,5,1033601.45,-5.501622506431273,0.016984641806275347
2026-04-22,969149.25,15351.6,5,1033601.45,-6.235691716570246,-0.007768061522420711
2026-04-23,964973.0,15351.6,5,1033601.45,-6.639740104853757,-0.004309191798889556
2026-04-24,953659.15,381640.7,3,1033601.45,-7.734344799922634,-0.011724524934894509
2026-04-27,953395.19,1249.99,5,1033601.45,-7.759882689793055,-0.00027678652273199766
2026-04-28,962452.97,21431.27,5,1033601.45,-6.8835507148330715,0.009500551392544798
2026-04-29,949633.63,19351.08,5,1033601.45,-8.123810197828181,-0.013319445624444315
2026-04-30,968500.39,2035.87,5,1033601.45,-6.298468331289583,0.019867409287095184
2026-05-04,984302.87,412237.92,3,1033601.45,-4.769592767115406,0.016316441545263682
2026-05-05,1002055.8,16971.49,5,1033601.45,-3.0520129398038196,0.018036044129384754
2026-05-06,1017536.34,28794.64,5,1033601.45,-1.5542847777545192,0.015448780397259165
2026-05-07,1031895.14,28794.64,5,1033601.45,-0.1650839402363396,0.01411133876555204
2026-05-08,1068863.95,35902.8,5,1068863.95,0.0,0.03582613055043549
2026-05-11,1055498.03,35902.8,5,1068863.95,-1.250479071728439,-0.012504790717284386
2026-05-12,1019259.21,35902.8,5,1068863.95,-4.6408843707377345,-0.034333384781400356
2026-05-13,1035086.72,35902.8,5,1068863.95,-3.1601056430053593,0.015528444427791888
2026-05-14,1054128.04,40515.73,5,1068863.95,-1.3786516048183604,0.018395869285232402
2026-05-15,1060549.76,230212.36,4,1068863.95,-0.7778529718398627,0.006091973419092511
2026-05-18,1061774.39,435323.58,3,1068863.95,-0.6632799244468911,0.0011547124389523766
2026-05-19,1084244.49,413574.81,3,1084244.49,0.0,0.021162782048265605
2026-05-20,1077908.48,952.21,5,1084244.49,-0.5843709659986384,-0.005843709659986374
2026-05-21,1076380.46,19167.21,5,1084244.49,-0.7253004347755576,-0.0014175786055602435
2026-05-22,1098092.35,35428.4,5,1098092.35,0.0,0.02017120414839213
2026-05-25,1093556.84,35428.4,5,1098092.35,-0.4130353881438122,-0.00413035388143812
2026-05-26,1099962.77,48150.73,5,1099962.77,0.0,0.0058578848082555535
2026-05-27,1117223.35,66145.15,5,1117223.35,0.0,0.015691967465407908
2026-05-29,1112374.68,55776.78,5,1117223.35,-0.43399289855516876,-0.004339928985551689
2026-06-01,1114208.67,38748.81,5,1117223.35,-0.2698368235859166,0.0016487160603115836
2026-06-02,1135984.52,25236.06,5,1135984.52,0.0,0.019543780789284426
2026-06-03,1139947.06,40686.88,5,1139947.06,0.0,0.0034881989413024783
2026-06-04,1134211.25,40686.88,5,1139947.06,-0.503164594327745,-0.00503164594327743
2026-06-05,1118587.35,33746.44,5,1139947.06,-1.873745786054307,-0.013775123461348016
2026-06-08,1084663.31,7040.26,5,1139947.06,-4.849676966577729,-0.03032757343447523
2026-06-09,1096348.24,209551.35,4,1139947.06,-3.8246355054418113,0.01077286370090258
2026-06-10,1089357.82,264.79,5,1139947.06,-4.437858719509307,-0.006376094515370356
2026-06-11,1073948.96,92.81,5,1139947.06,-5.78957587732189,-0.014144902360915812
2026-06-12,1098633.26,92.81,5,1139947.06,-3.624185845963763,0.022984611857159498
2026-06-15,1121407.38,92.81,5,1139947.06,-1.6263632453247583,0.020729501671922668
2026-06-16,1128037.53,411.42,5,1139947.06,-1.0447441304862022,0.005912347393326467
2026-06-17,1140762.89,15438.58,5,1140762.89,0.0,0.011280972185384597
2026-06-18,1156369.99,15438.58,5,1156369.99,0.0,0.013681283057866755
2026-06-19,1169851.64,9919.24,5,1169851.64,0.0,0.011658595533078353
2026-06-22,1164298.75,25294.78,5,1169851.64,-0.47466617219939944,-0.0047466617219940055
2026-06-23,1183538.3,39105.51,5,1183538.3,0.0,0.01652458185667549
2026-06-24,1160306.39,30370.82,5,1183538.3,-1.96292000013858,-0.019629200001385794
2026-06-25,1148602.48,25614.97,5,1183538.3,-2.9518115298845897,-0.01008691333674372
2026-06-29,1138333.54,243361.23,4,1183538.3,-3.8194589900470484,-0.008940377701430635
2026-06-30,1137545.26,2554.35,5,1183538.3,-3.886062664807724,-0.0006924859650537796
2026-07-01,1126590.96,2554.35,5,1183538.3,-4.811617841180136,-0.009629770687102246
2026-07-02,1150059.06,2554.35,5,1183538.3,-2.8287415793810804,0.02083107430579778
2026-07-03,1156935.56,2554.35,5,1183538.3,-2.2477295411563776,0.00597925814349054
2026-07-06,1144184.17,18.66,5,1183538.3,-3.3251251776136117,-0.011021694241985402
2026-07-07,1130662.47,18.66,5,1183538.3,-4.467606160273823,-0.011817765316574858
2026-07-08,1105833.56,91.92,5,1183538.3,-6.565460534737236,-0.021959612756935254
2026-07-09,1117639.94,91.92,5,1183538.3,-5.567911068023747,0.010676452973628292
2026-07-10,1130481.28,91.92,5,1183538.3,-4.482915339537387,0.0114896931832984
2026-07-13,1135397.87,265.68,5,1183538.3,-4.067500815140493,0.0043491122648222635
2026-07-14,1127097.61,265.68,5,1183538.3,-4.768809763063852,-0.007310441757302222
2026-07-15,1121342.05,11870.35,5,1183538.3,-5.255110882343224,-0.005106531988831042
2026-07-16,1116298.7,17505.74,5,1183538.3,-5.681235664278891,-0.004497601779938631
2026-07-17,1111563.73,17505.74,5,1183538.3,-6.081304677677102,-0.004241669366810141
2026-07-20,1114815.27,17505.74,5,1183538.3,-5.806574235916153,0.00292519440158423
2026-07-21,1115891.54,17505.74,5,1183538.3,-5.71563759280118,0.000965424522755276
2026-07-22,1130015.19,250415.78,4,1183538.3,-4.522296405616962,0.012656830429953692
2026-07-23,1126840.74,25078.28,5,1183538.3,-4.790513327705581,-0.0028092100248670038
2026-07-24,1110320.44,441469.48,3,1183538.3,-6.186353242645388,-0.014660723040595847
2026-07-27,1119779.94,441469.48,3,1183538.3,-5.3870973165802996,0.008519612590397685
2026-07-28,1097920.13,216864.07,4,1183538.3,-7.234085284777024,-0.01952152313069666
2026-07-29,1099494.48,209790.52,4,1183538.3,-7.1010646634756185,0.0014339385507031732
2026-07-30,1095069.79,851.48,5,1183538.3,-7.474917372762674,-0.004024294874131584
2026-07-31,1092841.62,44.11,5,1183538.3,-7.663180819750398,-0.0020347287637255684
2026-08-03,1106718.81,14586.2,5,1183538.3,-6.490663631248772,0.012698262718068731
2026-08-04,1112840.81,14586.2,5,1183538.3,-5.973401114268967,0.005531667072686597
2026-08-05,1120629.73,33539.37,5,1183538.3,-5.315296513851733,0.006999132247854867
2026-08-06,1119845.43,33539.37,5,1183538.3,-5.381563908831688,-0.0006998743465427282
2026-08-07,1114764.13,33539.37,5,1183538.3,-5.810895177621219,-0.0045375012156811945
2026-08-10,1111277.09,26182.07,5,1183538.3,-6.10552358128165,-0.003128051850753266
2026-08-11,1130601.24,43481.33,5,1183538.3,-4.472779630367691,0.017389137393266862
2026-08-12,1139019.53,18113.17,5,1183538.3,-3.7614980436205583,0.007445852438654699
2026-08-13,1125045.8,6004.64,5,1183538.3,-4.9421721291148755,-0.012268209308052835
2026-08-14,1123519.46,0.6,5,1183538.3,-5.0711362699458125,-0.0013566914342509895
2026-08-17,1095819.71,206767.43,4,1183538.3,-7.411554826742833,-0.02465444612770662
2026-08-18,1087193.19,1409.68,5,1183538.3,-8.140430267444671,-0.007872207372506601
2026-08-19,1103986.39,1409.68,5,1183538.3,-6.72153237457547,0.015446380785368863
2026-08-20,1104712.37,1133.36,5,1183538.3,-6.66019257678437,0.0006575986865202665
2026-08-21,1105220.12,1133.36,5,1183538.3,-6.61729155702016,0.0004596219014003644
2026-08-24,1093197.49,407.88,5,1183538.3,-7.63311250679425,-0.010878041199611999
2026-08-25,1067004.69,243.45,5,1183538.3,-9.846205230536274,-0.023959806201165
2026-08-26,1085429.22,208225.06,4,1183538.3,-8.28947233900247,0.017267524850336002
2026-08-27,1095964.05,199662.74,4,1183538.3,-7.399359192685188,0.009705681223507234
2026-08-28,1089789.5,424551.19,3,1183538.3,-7.921061785664228,-0.005633898301682483
2026-08-31,1081634.89,20.72,5,1183538.3,-8.610064414476502,-0.00748273863897575
2026-09-01,1088580.69,113.73,5,1183538.3,-8.023197052431687,0.006421575398700474
2026-09-02,1081859.12,591.06,5,1183538.3,-8.591118682006314,-0.006174618070801774
2026-09-03,1095568.43,198621.63,4,1183538.3,-7.432786078828214,0.012671991894841028
2026-09-04,1091161.4,408715.24,3,1183538.3,-7.805146652203831,-0.00402259674459593
2026-09-07,1051321.93,209887.65,4,1183538.3,-11.171279374735917,-0.03651106976474794
2026-09-08,1054544.62,34.86,5,1183538.3,-10.898986538923154,0.0030653693298303697
2026-09-09,1022541.44,1.35,5,1183538.3,-13.603012255708165,-0.030347867120122607
2026-09-10,1039406.32,6893.05,5,1183538.3,-12.178057947089679,0.01649310173678642
2026-09-11,1037478.08,202753.8,4,1183538.3,-12.340979586380946,-0.0018551359202818585
2026-09-15,1015459.89,785.3,5,1183538.3,-14.20134946203262,-0.02122280019641465
2026-09-16,1024635.3,401790.88,3,1183538.3,-13.426096983933682,0.009035718781566171
2026-09-17,1044853.29,625156.38,2,1183538.3,-11.717830339753265,0.019731888995040414
2026-09-18,1057626.62,414590.0,3,1183538.3,-10.638580939881702,0.012224998592864633
