symbol,company_name,signal_date,entry_date,exit_date,entry_price,exit_price,shares,invested_amt,exit_amt,pnl,ret_pct,exit_reason,holding_days,deliv_per,deliv_spike_x,rsi,atr_pct
OMAXAUTO,Omax Autos Limited,2026-01-28,2026-01-29,2026-01-30,125.19,120.0,1609,201426.69,193079.57,-8347.12,-4.14,STOP_LOSS,1,88.11,14.3,64.5,4.69
SKFINDUS,SKF India (Industrial) Limited,2026-01-28,2026-01-29,2026-02-02,2732.09,2618.87,73,199442.72,191177.81,-8264.91,-4.14,STOP_LOSS,2,90.12,7.15,66.0,3.45
SINDHUTRAD,Sindhu Trade Links Limited,2026-01-29,2026-01-30,2026-02-02,20.77,19.91,9634,200108.87,191816.36,-8292.51,-4.14,STOP_LOSS,1,72.24,34.35,60.2,6.46
MAYURUNIQ,Mayur Uniquoters Ltd,2026-01-23,2026-01-27,2026-02-03,501.45,560.78,398,199577.52,223191.53,23614.01,11.83,TARGET_HIT,5,80.37,6.69,55.2,3.47
POKARNA,Pokarna Limited,2026-02-03,2026-02-04,2026-02-05,901.35,1008.0,224,201902.4,225791.49,23889.09,11.83,TARGET_HIT,1,100.0,4.52,63.7,4.9
MUFTI,Credo Brands Marketing Limited,2026-02-03,2026-02-04,2026-02-09,98.19,109.8,2061,202363.53,226307.18,23943.65,11.83,TARGET_HIT,3,70.25,7.03,54.4,4.18
CHEMPLASTS,Chemplast Sanmar Limited,2026-02-09,2026-02-10,2026-02-11,284.43,318.08,751,213603.93,238877.54,25273.62,11.83,TARGET_HIT,1,70.27,11.08,59.3,5.15
LUXIND,Lux Industries Limited,2026-02-09,2026-02-10,2026-02-12,1042.06,998.88,206,214664.51,205768.82,-8895.7,-4.14,STOP_LOSS,2,84.48,16.3,67.3,3.93
KRISHIVAL,Krishival Foods Limited,2026-02-10,2026-02-11,2026-02-12,370.45,355.1,586,217086.54,208090.48,-8996.07,-4.14,STOP_LOSS,1,80.24,9.71,63.1,6.1
KANPRPLA,Kanpur Plastipack Limited,2026-02-11,2026-02-12,2026-02-13,213.22,204.38,1002,213645.79,204792.31,-8853.48,-4.14,STOP_LOSS,1,93.18,13.62,65.6,6.36
EFCIL,EFC (I) Limited,2026-02-11,2026-02-12,2026-02-13,276.81,265.34,766,212039.98,203253.05,-8786.94,-4.14,STOP_LOSS,1,79.84,7.94,58.8,6.1
KIRLPNU,Kirloskar Pneumatic Company Limited,2026-01-27,2026-01-28,2026-02-17,1110.76,1120.92,180,199937.46,201764.9,1827.44,0.91,TIME_EXIT,14,70.13,3.6,60.5,4.32
YASHO,Yasho Industries Limited,2026-02-03,2026-02-04,2026-02-17,1377.26,1540.22,147,202457.63,226412.42,23954.79,11.83,TARGET_HIT,9,73.69,5.03,57.5,4.9
RAMCOCEM,The Ramco Cements Limited,2026-01-29,2026-01-30,2026-02-19,1109.66,1125.51,173,191971.53,194713.09,2741.57,1.43,TIME_EXIT,14,70.29,3.3,57.0,2.68
METROBRAND,Metro Brands Limited,2026-02-13,2026-02-16,2026-02-25,1071.61,1027.2,197,211106.18,202357.94,-8748.24,-4.14,STOP_LOSS,7,77.2,4.12,60.2,4.38
SKFINDIA,SKF India Limited,2026-02-23,2026-02-24,2026-03-02,1792.69,1718.4,118,211536.83,202770.74,-8766.09,-4.14,STOP_LOSS,4,73.45,13.28,62.0,3.2
JSWCEMENT,JSW Cement Limited,2026-02-26,2026-02-27,2026-03-02,128.94,123.6,1627,209790.46,201096.75,-8693.72,-4.14,STOP_LOSS,1,75.76,8.88,62.4,2.86
BUILDPRO,Shankara Buildpro Limited,2026-03-06,2026-03-09,2026-03-11,1001.5,960.0,207,207310.5,198719.55,-8590.95,-4.14,STOP_LOSS,2,82.71,4.75,63.2,6.75
GUFICBIO,Gufic Biosciences Limited,2026-03-17,2026-03-18,2026-03-23,294.24,282.05,700,205968.49,197433.16,-8535.33,-4.14,STOP_LOSS,3,80.27,3.78,62.1,3.98
RELIGARE,Religare Enterprises Limited,2026-03-25,2026-03-27,2026-03-30,225.34,216.0,906,204155.77,195695.56,-8460.22,-4.14,STOP_LOSS,1,77.58,3.86,61.5,4.84
SEDEMAC,SEDEMAC Mechatronics Limited,2026-04-01,2026-04-02,2026-04-07,1547.32,1730.4,131,202698.59,226681.89,23983.3,11.83,TARGET_HIT,2,71.19,3.83,66.1,4.69
INDOTHAI,Indo Thai Securities Limited,2026-03-25,2026-03-27,2026-04-20,284.73,318.42,714,203294.69,227348.51,24053.83,11.83,TARGET_HIT,13,74.22,3.74,67.8,3.98
CARERATING,CARE Ratings Limited,2026-04-17,2026-04-20,2026-04-24,1615.22,1548.28,137,221285.03,212114.98,-9170.05,-4.14,STOP_LOSS,4,82.12,6.31,67.4,3.94
ANTHEM,Anthem Biosciences Limited,2026-04-08,2026-04-09,2026-04-27,689.08,770.61,302,208102.79,232725.51,24622.72,11.83,TARGET_HIT,11,85.79,4.81,63.0,3.31
KPIL,Kalpataru Projects International Limited,2026-04-08,2026-04-09,2026-04-30,1146.22,1248.42,183,209757.67,228461.69,18704.03,8.92,TIME_EXIT,14,72.92,4.39,56.1,4.42
THELEELA,Leela Palaces Hotels & Resorts Limited,2026-04-08,2026-04-09,2026-04-30,415.62,427.61,505,209889.36,215941.85,6052.49,2.88,TIME_EXIT,14,84.94,3.74,57.5,3.89
GALAPREC,Gala Precision Engineering Limited,2026-04-27,2026-04-28,2026-04-30,761.54,729.98,292,222369.86,213154.85,-9215.01,-4.14,STOP_LOSS,2,79.36,4.61,61.6,3.42
NIITMTS,NIIT Learning Systems Limited,2026-04-29,2026-04-30,2026-05-04,325.49,312.0,680,221331.5,212159.52,-9171.98,-4.14,STOP_LOSS,1,82.48,3.52,63.9,4.38
CREST,Crest Ventures Limited,2026-04-10,2026-04-13,2026-05-05,340.51,366.45,604,205668.04,221335.5,15667.46,7.62,TIME_EXIT,14,97.75,18.41,60.7,5.0
METROPOLIS,Metropolis Healthcare Limited,2026-05-04,2026-05-05,2026-05-08,495.64,554.29,443,219569.56,245549.03,25979.47,11.83,TARGET_HIT,3,73.15,5.7,63.4,3.05
CHALET,Chalet Hotels Limited,2026-05-06,2026-05-07,2026-05-12,797.19,764.16,279,222417.13,213200.16,-9216.97,-4.14,STOP_LOSS,3,71.25,6.55,54.2,3.23
JSWINFRA,JSW Infrastructure Limited,2026-05-07,2026-05-08,2026-05-12,282.87,271.15,800,226298.94,216921.11,-9377.83,-4.14,STOP_LOSS,2,76.19,5.28,58.8,2.72
GARFIBRES,Garware Technical Fibres Limited,2026-05-04,2026-05-05,2026-05-18,638.81,612.33,345,220388.34,211255.44,-9132.89,-4.14,STOP_LOSS,9,78.47,4.12,56.3,2.95
SANDHAR,Sandhar Technologies Limited,2026-05-06,2026-05-07,2026-05-21,514.77,575.68,415,213629.97,238906.66,25276.7,11.83,TARGET_HIT,10,87.75,6.45,54.1,3.43
DAVANGERE,Davangere Sugar Company Limited,2026-05-14,2026-05-15,2026-05-21,3.86,4.31,58041,223793.04,250272.23,26479.19,11.83,TARGET_HIT,4,74.07,17.49,63.5,2.96
AIIL,Authum Investment & Infrastructure Limited,2026-05-20,2026-05-21,2026-05-26,512.47,491.23,451,231122.87,221545.13,-9577.73,-4.14,STOP_LOSS,3,70.69,3.85,56.8,4.12
RAINBOW,Rainbow Childrens Medicare Limited,2026-05-06,2026-05-07,2026-05-27,1300.95,1375.03,171,222462.19,235130.87,12668.68,5.69,TIME_EXIT,14,84.23,8.07,54.3,2.81
NRL,Nupur Recyclers Limited,2026-05-26,2026-05-27,2026-05-29,59.24,66.25,3888,230320.16,257571.64,27251.48,11.83,TARGET_HIT,1,81.82,16.55,61.9,4.89
AURUM,Aurum PropTech Limited,2026-06-04,2026-06-05,2026-06-08,190.49,182.59,1237,235630.32,225865.8,-9764.52,-4.14,STOP_LOSS,1,70.45,3.97,67.6,3.03
SHRIPISTON,SPR Auto Technologies Limited,2026-06-10,2026-06-11,2026-06-19,3430.14,3835.99,67,229819.21,257011.42,27192.21,11.83,TARGET_HIT,6,83.18,9.75,60.2,3.37
EQUITASBNK,Equitas Small Finance Bank Limited,2026-06-05,2026-06-08,2026-06-29,73.31,74.49,3189,233784.95,237542.55,3757.6,1.61,TIME_EXIT,14,79.63,6.76,65.8,3.28
BBL,Bharat Bijlee Limited,2026-06-22,2026-06-23,2026-06-29,2926.38,2805.11,82,239963.41,230019.32,-9944.08,-4.14,STOP_LOSS,3,72.19,7.72,63.3,3.09
SANOFICONR,Sanofi Consumer Healthcare India Limited,2026-06-15,2026-06-16,2026-06-30,4750.82,4553.94,50,237540.78,227697.09,-9843.69,-4.14,STOP_LOSS,9,96.37,46.98,56.7,2.83
BLSE,BLS E-Services Limited,2026-06-29,2026-06-30,2026-07-03,235.05,262.86,1000,235052.05,262863.41,27811.36,11.83,TARGET_HIT,3,70.42,5.48,56.0,3.18
MAHSCOOTER,Maharashtra Scooters Limited,2026-06-12,2026-06-15,2026-07-06,12418.6,13010.45,19,235953.4,247198.64,11245.24,4.77,TIME_EXIT,14,77.26,4.97,58.7,4.0
SUNCLAY,Sundaram Clayton Limited,2026-06-29,2026-06-30,2026-07-06,1389.98,1332.38,170,236296.91,226504.77,-9792.14,-4.14,STOP_LOSS,4,81.38,7.84,60.5,3.64
CHEMPLASTS,Chemplast Sanmar Limited,2026-07-02,2026-07-03,2026-07-06,213.12,204.29,1133,241464.05,231457.78,-10006.27,-4.14,STOP_LOSS,1,76.8,5.86,60.6,4.87
ASIANHOTNR,Asian Hotels (North) Limited,2026-07-03,2026-07-06,2026-07-07,321.13,359.13,748,240205.97,268627.14,28421.17,11.83,TARGET_HIT,1,75.9,18.85,66.9,4.37
BUILDPRO,Shankara Buildpro Limited,2026-07-06,2026-07-07,2026-07-08,1037.05,994.08,237,245781.62,235596.43,-10185.19,-4.14,STOP_LOSS,1,74.09,10.72,59.5,3.94
INDIQUBE,Indiqube Spaces Limited,2026-07-10,2026-07-13,2026-07-14,179.27,171.84,1370,245597.85,235420.27,-10177.57,-4.14,STOP_LOSS,1,88.9,7.06,52.6,3.83
JINDALPHOT,Jindal Photo Limited,2026-07-13,2026-07-14,2026-07-16,1191.28,1141.92,203,241830.7,231809.24,-10021.46,-4.14,STOP_LOSS,2,73.67,9.67,63.0,3.9
KARURVYSYA,Karur Vysya Bank Limited,2026-06-29,2026-06-30,2026-07-20,300.25,300.55,782,234795.27,235028.93,233.66,0.1,TIME_EXIT,14,70.17,4.53,63.5,3.03
JPOLYINVST,Jindal Poly Investment and Finance Company Limited,2026-07-13,2026-07-14,2026-07-22,1117.67,1071.36,217,242535.26,232484.6,-10050.66,-4.14,STOP_LOSS,6,85.03,11.37,52.2,4.12
ENDURANCE,Endurance Technologies Limited,2026-07-15,2026-07-16,2026-07-24,2764.14,2649.59,86,237716.04,227865.09,-9850.95,-4.14,STOP_LOSS,6,72.28,3.38,54.3,3.04
LALPATHLAB,Dr. Lal Path Labs Ltd.,2026-07-06,2026-07-07,2026-07-27,1697.54,1824.46,144,244446.12,262722.12,18276.0,7.48,TIME_EXIT,14,77.82,3.16,62.1,3.43
NBIFIN,N. B. I. Industrial Finance Company Limited,2026-07-22,2026-07-23,2026-07-28,2253.38,2160.0,104,234351.0,224639.49,-9711.51,-4.14,STOP_LOSS,3,98.0,6.01,66.6,5.49
SURAJEST,Suraj Estate Developers Limited,2026-08-05,2026-08-06,2026-08-07,207.31,198.72,1144,237163.21,227335.17,-9828.04,-4.14,STOP_LOSS,1,70.08,6.56,61.2,2.16
MANAKSTEEL,Manaksia Steels Limited,2026-08-06,2026-08-07,2026-08-10,88.97,85.29,2682,238626.28,228737.61,-9888.67,-4.14,STOP_LOSS,1,73.56,6.27,63.9,8.05
MATRIMONY,Matrimony.Com Limited,2026-08-06,2026-08-07,2026-08-11,448.72,501.81,524,235130.37,262950.99,27820.63,11.83,TARGET_HIT,2,78.44,15.15,62.9,3.25
VIPCLOTHNG,VIP Clothing Limited,2026-05-13,2026-05-14,2026-08-17,25.71,24.64,8571,220347.6,211216.39,-9131.2,-4.14,STOP_LOSS,65,71.78,6.79,64.5,5.73
KAYA,Kaya Limited,2026-08-11,2026-08-12,2026-08-17,289.63,323.9,824,238658.25,266896.3,28238.04,11.83,TARGET_HIT,3,70.05,3.74,64.1,4.82
VIDHIING,Vidhi Specialty Food Ingredients Limited,2026-08-17,2026-08-18,2026-08-19,323.18,309.79,751,242711.22,232653.27,-10057.95,-4.14,STOP_LOSS,1,77.59,3.53,53.2,4.72
FISCHER,Fischer Medical Ventures Limited,2026-08-18,2026-08-19,2026-08-24,38.45,36.85,6261,240720.33,230744.88,-9975.45,-4.14,STOP_LOSS,3,92.03,6.52,60.4,4.69
JAIBALAJI,Jai Balaji Industries Limited,2026-08-31,2026-09-01,2026-09-02,72.68,69.67,3271,237732.53,227880.9,-9851.64,-4.14,STOP_LOSS,1,70.93,5.0,61.3,4.95
CSLFINANCE,CSL Finance Limited,2026-08-31,2026-09-01,2026-09-02,240.36,230.4,978,235072.08,225330.69,-9741.39,-4.14,STOP_LOSS,1,80.76,3.79,67.4,3.43
JINDALPOLY,Jindal Poly Films Limited,2026-09-01,2026-09-02,2026-09-03,716.02,686.35,327,234139.33,224436.6,-9702.73,-4.14,STOP_LOSS,1,71.76,21.64,57.9,3.45
ICICIPRULI,ICICI Prudential Life Insurance Company Limited,2026-08-31,2026-09-01,2026-09-07,507.76,486.72,465,236108.63,226324.29,-9784.34,-4.14,STOP_LOSS,4,77.99,4.14,61.9,2.2
SATIA,Satia Industries Limited,2026-09-03,2026-09-04,2026-09-07,60.83,68.03,3869,235355.56,263202.83,27847.27,11.83,TARGET_HIT,1,74.73,7.86,52.4,3.62
STLNETWORK,STL Networks Limited,2026-08-28,2026-08-31,2026-09-08,27.71,30.99,8614,238706.9,266950.7,28243.8,11.83,TARGET_HIT,6,73.78,3.06,62.2,4.39
SREEL,Sreeleathers Limited,2026-09-07,2026-09-08,2026-09-09,279.82,312.93,865,242043.52,270682.11,28638.59,11.83,TARGET_HIT,1,73.32,3.22,65.0,4.81
FOODSIN,Foods & Inns Limited,2026-09-02,2026-09-03,2026-09-15,55.26,52.97,4185,231274.69,221690.67,-9584.02,-4.14,STOP_LOSS,7,88.37,7.48,52.3,4.73
GRPLTD,GRP Limited,2026-09-15,2026-09-16,2026-09-17,2049.27,1964.35,119,243863.05,233757.36,-10105.68,-4.14,STOP_LOSS,1,81.92,23.76,58.0,3.42
