symbol,company_name,signal_date,entry_date,exit_date,entry_price,exit_price,invested_amt,pnl,ret_pct,exit_reason,holding_days,deliv_per,deliv_spike_x,rsi,exit_year
RPGLIFE,RPG Life Sciences Limited,2024-09-30,2024-10-01,2024-10-03,2323.48,2598.39,199819.28,23642.62,11.83,TARGET_HIT,1,78.95,4.05,57.2,2024
NITCO,Nitco Limited,2024-10-10,2024-10-11,2024-10-16,93.64,104.72,206570.39,24441.41,11.83,TARGET_HIT,3,71.31,5.46,67.7,2024
HIRECT,Hirect Limited,2024-10-16,2024-10-17,2024-10-18,1041.56,1164.8,209353.56,24770.71,11.83,TARGET_HIT,1,78.37,3.57,61.3,2024
NUVOCO,Nuvoco Vistas Corporation Limited,2024-10-16,2024-10-17,2024-10-21,364.1,349.01,209718.91,-8690.75,-4.14,STOP_LOSS,2,78.57,43.03,55.8,2024
HCG,Healthcare Global Enterprises Limited,2024-10-04,2024-10-07,2024-10-22,429.09,411.31,204677.21,-8481.82,-4.14,STOP_LOSS,11,71.47,13.4,54.6,2024
STEELCAS,Steelcast Limited,2024-10-16,2024-10-17,2024-10-22,785.88,753.31,210615.05,-8727.89,-4.14,STOP_LOSS,3,84.09,3.54,54.4,2024
MAXIND,Max India Limited,2024-10-16,2024-10-17,2024-10-22,269.1,257.95,209900.38,-8698.27,-4.14,STOP_LOSS,3,79.97,3.36,57.3,2024
PAR,Par Drugs And Chemicals Limited,2024-10-23,2024-10-24,2024-10-25,305.46,292.8,207405.64,-8594.89,-4.14,STOP_LOSS,1,100.0,4.32,65.3,2024
RUBFILA,Rubfila International Limited,2024-10-30,2024-10-31,2024-11-01,84.13,80.64,205856.32,-8530.69,-4.14,STOP_LOSS,1,71.27,4.77,55.9,2024
GKWLIMITED,GKW Limited,2024-10-30,2024-10-31,2024-11-04,3520.27,3374.39,200655.53,-8315.17,-4.14,STOP_LOSS,2,71.47,3.23,67.9,2024
HCG,Healthcare Global Enterprises Limited,2024-11-05,2024-11-06,2024-11-07,490.74,470.4,203164.29,-8419.13,-4.14,STOP_LOSS,1,71.31,10.05,65.5,2024
SOLARA,Solara Active Pharma Sciences Limited,2024-11-04,2024-11-05,2024-11-12,801.2,768.0,201902.4,-8366.84,-4.14,STOP_LOSS,5,73.07,5.61,59.3,2024
DECCANCE,Deccan Cements Limited,2024-11-07,2024-11-08,2024-11-13,605.91,580.8,200555.38,-8311.02,-4.14,STOP_LOSS,3,82.56,6.7,56.5,2024
MAGNUM,Magnum Ventures Limited,2024-11-08,2024-11-11,2024-11-14,52.09,49.93,200017.98,-8288.74,-4.14,STOP_LOSS,3,74.15,7.82,66.1,2024
INDOCO,Indoco Remedies Limited,2024-11-22,2024-11-25,2024-11-27,325.54,312.05,195648.08,-8107.66,-4.14,STOP_LOSS,2,79.38,5.25,58.3,2024
XPROINDIA,Xpro India Limited,2024-11-25,2024-11-26,2024-11-27,1221.68,1366.23,193025.4,22838.77,11.83,TARGET_HIT,1,71.03,4.73,62.5,2024
SINCLAIR,Sinclairs Hotels Limited,2024-11-27,2024-11-28,2024-11-29,108.26,103.78,198336.26,-8219.05,-4.14,STOP_LOSS,1,70.18,9.55,66.3,2024
SOMANYCERA,Somany Ceramics Limited,2024-11-27,2024-11-28,2024-12-06,693.04,664.32,196822.79,-8156.34,-4.14,STOP_LOSS,6,89.86,7.37,55.6,2024
ZOTA,Zota Health Care LImited,2024-12-02,2024-12-03,2024-12-13,615.92,688.8,201406.66,23830.44,11.83,TARGET_HIT,8,75.6,4.23,56.6,2024
HDFCBANK,HDFC Bank Limited,2024-11-25,2024-11-26,2024-12-16,1812.72,1862.4,193960.51,5316.53,2.74,TIME_EXIT,14,81.46,18.72,58.3,2024
FIVESTAR,Five-Star Business Finance Limited,2024-12-05,2024-12-06,2024-12-17,651.03,728.05,190099.32,22492.55,11.83,TARGET_HIT,7,72.41,3.53,53.5,2024
JKCEMENT,JK Cement Limited,2024-11-29,2024-12-02,2024-12-20,4296.38,4511.02,193337.32,9658.73,5.0,TIME_EXIT,14,72.66,3.66,63.7,2024
WELENT,Welspun Enterprises Limited,2024-11-29,2024-12-02,2024-12-20,534.7,575.09,198374.02,14982.92,7.55,TIME_EXIT,14,75.14,3.55,59.6,2024
RGL,Renaissance Global Limited,2024-12-17,2024-12-18,2024-12-23,180.27,172.8,212538.33,-8807.59,-4.14,STOP_LOSS,3,70.49,3.23,56.4,2024
INDOWIND,Indowind Energy Limited,2025-01-02,2025-01-03,2025-01-06,26.89,25.78,213024.76,-8827.75,-4.14,STOP_LOSS,1,71.51,3.2,66.5,2025
CHEMBOND,Chembond Material Technologies Limited,2024-12-18,2024-12-19,2025-01-09,570.55,591.96,212246.29,7963.1,3.75,TIME_EXIT,14,72.98,3.31,52.9,2025
YASHO,Yasho Industries Limited,2025-01-02,2025-01-03,2025-01-09,2084.12,1997.76,210496.27,-8722.97,-4.14,STOP_LOSS,4,89.5,4.37,63.8,2025
DIVISLAB,Divi's Laboratories Limited,2024-12-30,2024-12-31,2025-01-10,6038.44,5788.21,205307.1,-8507.93,-4.14,STOP_LOSS,8,77.04,7.91,57.6,2025
HOMEFIRST,Home First Finance Company India Limited,2025-01-14,2025-01-15,2025-01-22,1056.58,1012.8,204977.01,-8494.25,-4.14,STOP_LOSS,5,89.38,10.44,58.3,2025
TVTODAY,TV Today Network Limited,2025-01-17,2025-01-20,2025-01-22,210.34,201.62,204866.32,-8489.66,-4.14,STOP_LOSS,2,77.45,4.89,59.7,2025
ROSSTECH,Rossell Techsys Limited,2025-01-20,2025-01-21,2025-01-22,475.71,456.0,203604.95,-8437.39,-4.14,STOP_LOSS,1,81.28,3.48,52.2,2025
FUSION,Fusion Finance Limited,2025-01-17,2025-01-20,2025-01-24,185.28,177.6,204546.36,-8476.4,-4.14,STOP_LOSS,4,75.79,4.98,61.7,2025
ASPINWALL,Aspinwall and Company Limited,2025-01-23,2025-01-24,2025-01-27,331.5,317.76,198566.4,-8228.59,-4.14,STOP_LOSS,1,72.96,3.63,55.9,2025
EXXARO,Exxaro Tiles Limited,2025-01-28,2025-01-29,2025-01-30,9.75,9.35,197004.1,-8163.85,-4.14,STOP_LOSS,1,71.96,3.59,61.8,2025
JLHL,Jupiter Life Line Hospitals Limited,2025-02-03,2025-02-04,2025-02-07,1682.12,1612.41,195125.85,-8086.02,-4.14,STOP_LOSS,3,75.38,5.82,66.7,2025
DIAMONDYD,Prataap Snacks Limited,2025-02-05,2025-02-06,2025-02-10,1122.68,1076.16,195346.58,-8095.16,-4.14,STOP_LOSS,2,95.35,11.71,53.9,2025
RAMRAT,Ram Ratna Wires Limited,2025-02-05,2025-02-06,2025-02-10,582.37,558.24,195094.7,-8084.72,-4.14,STOP_LOSS,2,78.74,4.56,57.6,2025
SBCL,Shivalik Bimetal Controls Limited,2025-02-06,2025-02-07,2025-02-10,525.79,504.0,192438.23,-7974.64,-4.14,STOP_LOSS,1,77.16,3.37,52.9,2025
CIEINDIA,CIE Automotive India Limited,2025-01-30,2025-01-31,2025-02-11,465.8,446.49,195169.22,-8087.81,-4.14,STOP_LOSS,7,92.09,16.19,56.7,2025
FMGOETZE,Federal-Mogul Goetze (India) Limited.,2025-02-07,2025-02-10,2025-02-11,408.91,391.97,188099.73,-7794.85,-4.14,STOP_LOSS,1,72.02,3.91,61.2,2025
MANORAMA,Manorama Industries Limited,2025-02-12,2025-02-13,2025-02-14,1100.65,1055.04,184908.95,-7662.63,-4.14,STOP_LOSS,1,72.87,7.34,52.9,2025
SAILIFE,Sai Life Sciences Limited,2025-02-20,2025-02-21,2025-02-24,734.1,703.68,183524.88,-7605.27,-4.14,STOP_LOSS,1,74.29,5.42,64.3,2025
CRAFTSMAN,Craftsman Automation Limited,2025-02-27,2025-02-28,2025-03-05,4187.27,4682.71,180052.67,21303.83,11.83,TARGET_HIT,3,73.46,6.44,52.4,2025
MANALIPETC,Manali Petrochemicals Limited,2025-03-05,2025-03-06,2025-03-17,61.99,59.42,186908.44,-7745.49,-4.14,STOP_LOSS,6,80.31,7.32,60.2,2025
WESTLIFE,WESTLIFE FOODWORLD LIMITED,2025-03-19,2025-03-20,2025-03-25,734.0,703.58,176893.84,-7330.48,-4.14,STOP_LOSS,3,78.03,3.04,52.0,2025
FOCUS,Focus Lighting and Fixtures Limited,2025-03-25,2025-03-26,2025-03-27,88.83,85.15,170026.46,-7045.9,-4.14,STOP_LOSS,1,77.94,3.69,65.4,2025
TRANSWORLD,TRANSWORLD SHIPPING LINES LIMITED,2025-03-18,2025-03-19,2025-03-28,261.89,251.04,185157.82,-7672.94,-4.14,STOP_LOSS,7,74.32,4.12,53.0,2025
UGROCAP,Ugro Capital Limited,2025-03-19,2025-03-20,2025-03-28,170.05,163.01,187060.17,-7751.77,-4.14,STOP_LOSS,6,92.78,12.46,60.3,2025
AIIL,Authum Investment & Infrastructure Limited,2025-03-19,2025-03-20,2025-03-28,1552.33,1736.0,189383.65,22407.87,11.83,TARGET_HIT,6,80.59,3.28,53.4,2025
SIMPLEXINF,Simplex Infrastructures Limited,2025-03-19,2025-03-20,2025-04-01,276.51,309.23,188029.62,22247.66,11.83,TARGET_HIT,7,86.68,3.53,55.2,2025
FIVESTAR,Five-Star Business Finance Limited,2025-03-27,2025-03-28,2025-04-01,730.94,700.65,183467.14,-7602.88,-4.14,STOP_LOSS,1,73.43,3.06,59.2,2025
BLACKBUCK,BLACKBUCK LIMITED,2025-03-27,2025-03-28,2025-04-01,430.59,412.75,183433.44,-7601.48,-4.14,STOP_LOSS,1,75.43,3.05,57.1,2025
NITCO,Nitco Limited,2025-03-28,2025-04-01,2025-04-03,121.23,116.21,185241.85,-7676.42,-4.14,STOP_LOSS,2,90.59,5.41,57.6,2025
IRISDOREME,Iris Clothings Limited,2025-04-09,2025-04-11,2025-04-15,48.87,46.85,183958.72,-7623.25,-4.14,STOP_LOSS,1,83.03,16.3,61.9,2025
AIIL,Authum Investment & Infrastructure Limited,2025-04-21,2025-04-22,2025-04-25,1837.35,1761.21,183735.19,-7613.99,-4.14,STOP_LOSS,3,79.5,5.42,64.1,2025
CHOLAHLDNG,Cholamandalam Financial Holdings Limited,2025-04-21,2025-04-22,2025-04-28,1972.96,1891.2,179538.91,-7440.09,-4.14,STOP_LOSS,4,74.24,3.27,63.4,2025
VINATIORGA,Vinati Organics Limited,2025-04-24,2025-04-25,2025-04-29,1717.57,1646.4,176909.97,-7331.15,-4.14,STOP_LOSS,2,75.16,3.28,64.8,2025
PFOCUS,Prime Focus Limited,2025-04-28,2025-04-29,2025-04-30,104.16,116.48,179044.16,21184.51,11.83,TARGET_HIT,1,84.99,7.35,66.9,2025
ZYDUSWELL,Zydus Wellness Limited,2025-04-29,2025-04-30,2025-05-02,1805.1,1730.3,180510.36,-7480.35,-4.14,STOP_LOSS,1,72.95,4.47,67.2,2025
SANOFICONR,Sanofi Consumer Healthcare India Limited,2025-04-08,2025-04-09,2025-05-05,4920.37,4942.87,182053.67,832.69,0.46,TIME_EXIT,14,78.79,7.59,58.3,2025
GREENPLY,Greenply Industries Limited,2025-04-11,2025-04-15,2025-05-05,289.88,277.87,182337.15,-7556.05,-4.14,STOP_LOSS,12,81.34,4.84,53.9,2025
KARURVYSYA,Karur Vysya Bank Limited,2025-04-16,2025-04-17,2025-05-05,219.23,210.14,182617.22,-7567.66,-4.14,STOP_LOSS,10,71.83,4.33,58.6,2025
TTKPRESTIG,TTK Prestige Limited,2025-05-05,2025-05-06,2025-05-08,651.08,624.09,177092.44,-7338.71,-4.14,STOP_LOSS,2,83.38,3.55,56.8,2025
GRPLTD,GRP Limited,2025-05-12,2025-05-13,2025-05-14,2878.91,2759.61,175613.63,-7277.43,-4.14,STOP_LOSS,1,72.89,6.63,53.8,2025
NATHBIOGEN,Nath Bio-Genes (India) Limited,2025-05-14,2025-05-15,2025-05-20,174.26,194.88,175132.31,20721.65,11.83,TARGET_HIT,3,84.43,6.49,58.9,2025
GUJTHEM,Gujarat Themis Biosyn Limited,2025-05-14,2025-05-15,2025-05-21,315.17,302.11,176811.52,-7327.07,-4.14,STOP_LOSS,4,79.63,6.36,53.8,2025
DEVYANI,Devyani International Limited,2025-05-16,2025-05-19,2025-05-21,187.28,179.52,173421.74,-7186.6,-4.14,STOP_LOSS,2,71.3,11.24,63.1,2025
VARDMNPOLY,Vardhman Polytex Limited,2025-05-19,2025-05-20,2025-05-21,13.59,13.03,181635.09,-7526.96,-4.14,STOP_LOSS,1,75.4,3.6,60.9,2025
SCPL,Sheetal Cool Products Limited,2025-05-23,2025-05-26,2025-05-27,350.53,336.0,177365.65,-7350.03,-4.14,STOP_LOSS,1,73.65,11.62,66.7,2025
RHL,Robust Hotels Limited,2025-05-27,2025-05-28,2025-05-29,255.37,244.79,170078.08,-7048.04,-4.14,STOP_LOSS,1,70.6,21.55,65.4,2025
APTECHT,Aptech Limited,2025-05-23,2025-05-26,2025-05-30,166.85,159.94,170687.45,-7073.29,-4.14,STOP_LOSS,4,80.65,6.6,57.2,2025
LMW,LMW Limited,2025-05-12,2025-05-13,2025-06-02,17175.73,16624.03,171757.25,-5516.99,-3.21,TIME_EXIT,14,71.53,3.01,65.1,2025
SIMPLEXINF,Simplex Infrastructures Limited,2025-05-29,2025-05-30,2025-06-02,301.45,288.96,163386.71,-6770.75,-4.14,STOP_LOSS,1,78.04,6.12,64.0,2025
KICL,Kalyani Investment Company Limited,2025-05-15,2025-05-16,2025-06-05,4907.35,5121.31,176664.6,7702.43,4.36,TIME_EXIT,14,70.56,3.26,53.6,2025
AFIL,Akme Fintrade (India) Limited,2025-05-22,2025-05-23,2025-06-05,7.68,8.59,175875.74,20809.62,11.83,TARGET_HIT,9,87.24,7.67,58.7,2025
NITCO,Nitco Limited,2025-05-28,2025-05-29,2025-06-05,132.15,147.78,163070.54,19294.51,11.83,TARGET_HIT,5,77.99,3.91,62.2,2025
MARATHON,Marathon Nextgen Realty Limited,2025-06-02,2025-06-03,2025-06-09,522.78,584.64,172518.39,20412.38,11.83,TARGET_HIT,4,73.41,4.1,52.5,2025
GUJTHEM,Gujarat Themis Biosyn Limited,2025-06-09,2025-06-10,2025-06-13,348.37,333.94,182546.81,-7564.74,-4.14,STOP_LOSS,3,79.82,6.21,56.5,2025
MEDANTA,Global Health Limited,2025-06-16,2025-06-17,2025-06-18,1223.73,1173.02,179888.73,-7454.59,-4.14,STOP_LOSS,1,80.85,8.87,52.2,2025
THERMAX,Thermax Limited,2025-06-04,2025-06-05,2025-06-20,3555.33,3407.99,177766.25,-7366.63,-4.14,STOP_LOSS,11,75.7,5.35,55.9,2025
AUBANK,AU Small Finance Bank Limited,2025-06-02,2025-06-03,2025-06-23,726.09,795.36,150300.11,14338.41,9.54,TIME_EXIT,14,70.71,3.75,61.4,2025
LODHA,Lodha Developers Limited,2025-06-20,2025-06-23,2025-06-26,1480.02,1418.68,176121.99,-7298.5,-4.14,STOP_LOSS,3,72.19,5.24,58.4,2025
ZYDUSWELL,Zydus Wellness Limited,2025-06-06,2025-06-09,2025-06-27,1960.94,2030.45,182367.14,6464.69,3.54,TIME_EXIT,14,85.08,5.36,67.6,2025
METROPOLIS,Metropolis Healthcare Limited,2025-06-09,2025-06-10,2025-06-30,1730.29,1703.64,181680.61,-2798.34,-1.54,TIME_EXIT,14,82.62,4.81,60.4,2025
TRENT,Trent Limited,2025-06-20,2025-06-23,2025-07-04,5858.78,5615.99,175763.25,-7283.63,-4.14,STOP_LOSS,9,72.18,20.22,60.8,2025
BEL,Bharat Electronics Limited,2025-06-20,2025-06-23,2025-07-11,411.62,408.69,181934.49,-1295.26,-0.71,TIME_EXIT,14,78.96,10.28,67.3,2025
SIGNPOST,Signpost India Limited,2025-06-30,2025-07-01,2025-07-11,214.82,240.24,184102.24,21782.98,11.83,TARGET_HIT,8,76.52,139.24,66.3,2025
RAMCOCEM,The Ramco Cements Limited,2025-06-25,2025-06-26,2025-07-16,1050.57,1165.15,169142.33,18446.76,10.91,TIME_EXIT,14,83.54,4.85,60.0,2025
INDIGO,InterGlobe Aviation Limited,2025-06-27,2025-06-30,2025-07-18,5848.76,5852.21,181311.56,106.9,0.06,TIME_EXIT,14,73.15,3.06,54.7,2025
RPGLIFE,RPG Life Sciences Limited,2025-07-15,2025-07-16,2025-07-18,2582.87,2475.83,188549.4,-7813.49,-4.14,STOP_LOSS,2,71.13,3.51,59.3,2025
AVTNPL,AVT Natural Products Limited,2025-07-14,2025-07-15,2025-07-22,68.15,76.22,187077.45,22135.0,11.83,TARGET_HIT,5,74.18,5.72,62.2,2025
LORDSCHLO,Lords Chloro Alkali Limited,2025-07-21,2025-07-22,2025-07-23,228.91,219.43,189997.67,-7873.5,-4.14,STOP_LOSS,1,84.11,17.06,67.3,2025
GARFIBRES,Garware Technical Fibres Limited,2025-07-22,2025-07-23,2025-07-24,966.45,926.4,186524.37,-7729.57,-4.14,STOP_LOSS,1,79.36,8.29,67.5,2025
REDTAPE,Redtape Limited,2025-07-04,2025-07-07,2025-07-25,131.9,132.91,171466.82,1316.62,0.77,TIME_EXIT,14,77.19,10.36,53.5,2025
UNITEDPOLY,United Polyfab Gujarat Limited,2025-07-22,2025-07-23,2025-07-25,21.69,24.26,185948.02,22001.37,11.83,TARGET_HIT,2,85.47,5.51,59.6,2025
DEVYANI,Devyani International Limited,2025-07-15,2025-07-16,2025-07-29,175.7,168.42,189056.6,-7834.51,-4.14,STOP_LOSS,9,77.24,5.4,55.5,2025
UNITEDPOLY,United Polyfab Gujarat Limited,2025-07-24,2025-07-25,2025-07-29,24.34,27.22,188607.49,22316.04,11.83,TARGET_HIT,2,85.87,3.03,65.9,2025
BUTTERFLY,Butterfly Gandhimathi Appliances Limited,2025-07-17,2025-07-18,2025-07-31,746.12,715.2,185783.26,-7698.86,-4.14,STOP_LOSS,9,70.72,12.62,53.5,2025
YATHARTH,Yatharth Hospital & Trauma Care Services Limited,2025-08-04,2025-08-05,2025-08-11,657.99,735.84,190815.8,22577.32,11.83,TARGET_HIT,4,76.15,4.96,63.7,2025
DABUR,Dabur India Limited,2025-08-20,2025-08-21,2025-08-22,536.75,514.51,195915.18,-8118.73,-4.14,STOP_LOSS,1,72.47,11.51,57.0,2025
CCCL,Consolidated Construction Consortium Limited,2025-08-22,2025-08-25,2025-08-26,18.54,17.77,194349.93,-8053.86,-4.14,STOP_LOSS,1,79.72,35.38,63.4,2025
GODIGIT,Go Digit General Insurance Limited,2025-08-18,2025-08-19,2025-09-01,367.55,352.32,195536.87,-8103.05,-4.14,STOP_LOSS,8,76.14,5.41,62.5,2025
ARFIN,Arfin India Limited,2025-09-03,2025-09-04,2025-09-10,37.03,41.41,190347.86,22521.96,11.83,TARGET_HIT,4,86.65,25.81,60.7,2025
DIVGIITTS,Divgi Torqtransfer Systems Limited,2025-09-04,2025-09-05,2025-09-12,682.72,654.43,191162.31,-7921.77,-4.14,STOP_LOSS,5,78.1,6.63,61.5,2025
ASIANHOTNR,Asian Hotels (North) Limited,2025-09-10,2025-09-11,2025-09-12,358.29,343.44,192041.63,-7958.21,-4.14,STOP_LOSS,1,93.78,35.43,60.2,2025
DIGIDRIVE,Digidrive Distributors Limited,2025-09-10,2025-09-11,2025-09-16,33.65,32.26,193018.69,-7998.69,-4.14,STOP_LOSS,3,98.18,73.09,52.5,2025
CHEMPLASTS,Chemplast Sanmar Limited,2025-09-15,2025-09-16,2025-09-22,439.66,421.44,189492.81,-7852.58,-4.14,STOP_LOSS,4,74.76,28.88,57.1,2025
PGHH,Procter & Gamble Hygiene and Health Care Limited,2025-09-02,2025-09-03,2025-09-23,13707.53,13387.89,178197.9,-4155.35,-2.33,TIME_EXIT,14,85.78,5.83,59.4,2025
JUNIPER,Juniper Hotels Limited,2025-09-15,2025-09-16,2025-09-26,302.35,289.82,189575.24,-7856.0,-4.14,STOP_LOSS,8,86.92,6.91,60.6,2025
AAATECH,AAA Technologies Limited,2025-09-24,2025-09-25,2025-09-26,82.02,78.62,186930.08,-7746.38,-4.14,STOP_LOSS,1,91.38,21.97,66.8,2025
PDSL,PDS Limited,2025-09-16,2025-09-17,2025-09-29,334.85,320.98,188521.41,-7812.33,-4.14,STOP_LOSS,8,73.59,3.19,60.2,2025
TIMKEN,Timken India Limited,2025-09-10,2025-09-11,2025-10-01,3029.54,3064.2,187831.33,2148.88,1.14,TIME_EXIT,14,83.69,3.78,57.0,2025
CARRARO,Carraro India Limited,2025-10-03,2025-10-06,2025-10-07,477.52,457.73,184320.87,-7638.26,-4.14,STOP_LOSS,1,77.66,3.37,59.5,2025
BAJAJINDEF,Indef Manufacturing Limited,2025-10-07,2025-10-08,2025-10-14,415.62,398.4,180795.79,-7492.18,-4.14,STOP_LOSS,4,74.03,4.1,62.6,2025
MATRIMONY,Matrimony.Com Limited,2025-09-24,2025-09-25,2025-10-16,524.14,502.41,185019.66,-7667.21,-4.14,STOP_LOSS,14,85.44,20.06,65.9,2025
HINDWAREAP,Hindware Home Innovation Limited,2025-10-08,2025-10-09,2025-10-17,340.31,380.58,180023.83,21300.42,11.83,TARGET_HIT,6,91.04,3.62,52.4,2025
INDIGO,InterGlobe Aviation Limited,2025-09-29,2025-09-30,2025-10-21,5559.33,5904.13,183457.77,11378.53,6.2,TIME_EXIT,14,72.58,25.74,55.6,2025
CUB,City Union Bank Limited,2025-10-06,2025-10-07,2025-10-28,220.33,238.91,182433.24,15385.15,8.43,TIME_EXIT,14,73.04,3.05,64.9,2025
CASTROLIND,Castrol India Limited,2025-10-15,2025-10-16,2025-10-29,205.31,196.8,166299.08,-6891.43,-4.14,STOP_LOSS,8,71.76,3.93,52.3,2025
DIAMONDYD,Prataap Snacks Limited,2025-10-15,2025-10-16,2025-11-07,1041.56,1081.77,184356.12,7118.04,3.86,TIME_EXIT,14,76.05,14.59,53.3,2025
ZIMLAB,Zim Laboratories Limited,2025-11-11,2025-11-12,2025-11-13,76.11,72.96,189067.18,-7834.94,-4.14,STOP_LOSS,1,96.13,37.44,61.3,2025
SAGILITY,SAGILITY LIMITED,2025-11-14,2025-11-17,2025-11-18,52.97,50.77,187087.69,-7752.91,-4.14,STOP_LOSS,1,74.61,30.15,64.7,2025
SESHAPAPER,Seshasayee Paper and Boards Limited,2025-11-14,2025-11-17,2025-11-18,257.39,246.72,185574.95,-7690.23,-4.14,STOP_LOSS,1,71.63,5.78,53.1,2025
NRAIL,N R Agarwal Industries Limited,2025-11-14,2025-11-17,2025-11-18,502.3,481.49,184344.95,-7639.25,-4.14,STOP_LOSS,1,79.5,3.66,60.5,2025
SIS,SIS LIMITED,2025-11-06,2025-11-07,2025-11-19,339.51,325.44,189785.25,-7864.7,-4.14,STOP_LOSS,8,72.41,5.08,54.8,2025
CENTUM,Centum Electronics Limited,2025-11-17,2025-11-18,2025-11-24,2563.54,2457.31,184574.85,-7648.78,-4.14,STOP_LOSS,4,70.07,6.15,55.5,2025
SIMPLEXINF,Simplex Infrastructures Limited,2025-11-03,2025-11-04,2025-11-25,287.43,290.71,189991.56,2169.91,1.14,TIME_EXIT,14,70.51,4.35,56.1,2025
AAVAS,Aavas Financiers Limited,2025-11-24,2025-11-25,2025-11-27,1653.58,1585.05,178586.28,-7400.62,-4.14,STOP_LOSS,2,72.61,5.43,52.2,2025
SINTERCOM,Sintercom India Limited,2025-12-01,2025-12-02,2025-12-03,120.08,115.1,176997.7,-7334.78,-4.14,STOP_LOSS,1,98.2,96.06,56.7,2025
ACC,ACC Limited,2025-11-24,2025-11-25,2025-12-04,1904.85,1825.92,179056.18,-7420.09,-4.14,STOP_LOSS,7,74.2,27.36,60.4,2025
GICRE,General Insurance Corporation of India,2025-11-26,2025-11-27,2025-12-08,394.04,377.71,177712.12,-7364.39,-4.14,STOP_LOSS,7,85.61,5.31,67.1,2025
INDOBORAX,Indo Borax & Chemicals Limited,2025-12-09,2025-12-10,2025-12-11,263.29,252.38,174037.57,-7212.12,-4.14,STOP_LOSS,1,79.98,11.32,60.8,2025
PILANIINVS,Pilani Investment and Industries Corporation Limited,2025-12-17,2025-12-18,2025-12-26,5306.95,5087.03,169822.35,-7037.44,-4.14,STOP_LOSS,5,74.92,30.11,66.7,2025
RADIANTCMS,Radiant Cash Management Services Limited,2025-12-22,2025-12-23,2025-12-29,54.05,51.81,175449.4,-7270.62,-4.14,STOP_LOSS,3,93.41,15.48,55.1,2025
THANGAMAYL,Thangamayil Jewellery Limited,2025-12-09,2025-12-10,2025-12-31,3204.8,3217.27,169854.4,660.74,0.39,TIME_EXIT,14,78.73,8.97,53.3,2025
RAMCOCEM,The Ramco Cements Limited,2025-12-10,2025-12-11,2026-01-01,1022.53,1056.71,172807.82,5776.6,3.34,TIME_EXIT,14,78.43,3.67,59.5,2026
RESPONIND,Responsive Industries Limited,2025-12-29,2025-12-30,2026-01-05,204.56,196.08,172031.91,-7129.0,-4.14,STOP_LOSS,4,81.93,131.26,59.2,2026
WELENT,Welspun Enterprises Limited,2025-12-31,2026-01-01,2026-01-07,516.62,495.21,165319.61,-6850.84,-4.14,STOP_LOSS,4,73.69,4.05,53.2,2026
TATAPOWER,Tata Power Company Limited,2026-01-02,2026-01-05,2026-01-08,393.09,376.8,165097.27,-6841.63,-4.14,STOP_LOSS,3,71.86,6.47,63.6,2026
UTIAMC,UTI Asset Management Company Limited,2025-12-31,2026-01-01,2026-01-09,1131.29,1084.41,171956.75,-7125.89,-4.14,STOP_LOSS,6,87.89,6.67,56.5,2026
EVEREADY,Eveready Industries India Limited,2026-01-06,2026-01-07,2026-01-09,340.51,326.4,158337.15,-6561.49,-4.14,STOP_LOSS,2,79.13,3.19,59.8,2026
TVTODAY,TV Today Network Limited,2026-01-07,2026-01-08,2026-01-09,144.22,138.24,158493.38,-6567.97,-4.14,STOP_LOSS,1,87.67,19.57,67.3,2026
ONESOURCE,Onesource Specialty Pharma Limited,2025-12-19,2025-12-22,2026-01-12,1712.46,1735.39,174671.41,2338.67,1.34,TIME_EXIT,14,74.13,12.7,64.5,2026
RNBDENIMS,R&B Denims Limited,2026-01-12,2026-01-13,2026-01-16,128.47,143.67,163545.39,19350.69,11.83,TARGET_HIT,2,88.67,11.76,60.3,2026
OMFREIGHT,Om Freight Forwarders Limited,2026-01-16,2026-01-19,2026-01-20,100.14,95.99,169136.43,-7009.01,-4.14,STOP_LOSS,1,77.03,22.95,56.4,2026
INDIANB,Indian Bank,2025-12-30,2025-12-31,2026-01-21,814.12,849.27,171779.18,7417.67,4.32,TIME_EXIT,14,72.39,8.88,58.3,2026
OMAXAUTO,Omax Autos Limited,2026-01-28,2026-01-29,2026-01-30,125.19,120.0,168377.19,-6977.55,-4.14,STOP_LOSS,1,88.11,14.3,64.5,2026
SKFINDUS,SKF India (Industrial) Limited,2026-01-28,2026-01-29,2026-02-02,2732.09,2618.87,166657.61,-6906.29,-4.14,STOP_LOSS,2,90.12,7.15,66.0,2026
SINDHUTRAD,Sindhu Trade Links Limited,2026-01-29,2026-01-30,2026-02-02,20.77,19.91,166792.01,-6911.86,-4.14,STOP_LOSS,1,72.24,34.35,60.2,2026
POKARNA,Pokarna Limited,2026-02-03,2026-02-04,2026-02-05,901.35,1008.0,152328.15,18023.47,11.83,TARGET_HIT,1,100.0,4.52,63.7,2026
MUFTI,Credo Brands Marketing Limited,2026-02-03,2026-02-04,2026-02-09,98.19,109.8,165543.38,19587.09,11.83,TARGET_HIT,3,70.25,7.03,54.4,2026
CHEMPLASTS,Chemplast Sanmar Limited,2026-02-09,2026-02-10,2026-02-11,284.43,318.08,174353.14,20629.46,11.83,TARGET_HIT,1,70.27,11.08,59.3,2026
LUXIND,Lux Industries Limited,2026-02-09,2026-02-10,2026-02-12,1042.06,998.88,175066.21,-7254.74,-4.14,STOP_LOSS,2,84.48,16.3,67.3,2026
KRISHIVAL,Krishival Foods Limited,2026-02-10,2026-02-11,2026-02-12,370.45,355.1,177447.87,-7353.44,-4.14,STOP_LOSS,1,80.24,9.71,63.1,2026
KANPRPLA,Kanpur Plastipack Limited,2026-02-11,2026-02-12,2026-02-13,213.22,204.38,174413.43,-7227.69,-4.14,STOP_LOSS,1,93.18,13.62,65.6,2026
EFCIL,EFC (I) Limited,2026-02-11,2026-02-12,2026-02-13,276.81,265.34,173009.12,-7169.5,-4.14,STOP_LOSS,1,79.84,7.94,58.8,2026
KIRLPNU,Kirloskar Pneumatic Company Limited,2026-01-27,2026-01-28,2026-02-17,1110.76,1120.92,166614.55,1522.87,0.91,TIME_EXIT,14,70.13,3.6,60.5,2026
YASHO,Yasho Industries Limited,2026-02-03,2026-02-04,2026-02-17,1377.26,1540.22,165271.54,19554.93,11.83,TARGET_HIT,9,73.69,5.03,57.5,2026
RAMCOCEM,The Ramco Cements Limited,2026-01-29,2026-01-30,2026-02-19,1109.66,1125.51,166449.3,2377.08,1.43,TIME_EXIT,14,70.29,3.3,57.0,2026
PVP,PVP Ventures Limited,2026-02-20,2026-02-23,2026-02-24,32.0,30.67,173012.78,-7169.65,-4.14,STOP_LOSS,1,72.62,3.47,54.7,2026
METROBRAND,Metro Brands Limited,2026-02-13,2026-02-16,2026-02-25,1071.61,1027.2,172528.4,-7149.58,-4.14,STOP_LOSS,7,77.2,4.12,60.2,2026
SKFINDIA,SKF India Limited,2026-02-23,2026-02-24,2026-03-02,1792.69,1718.4,170305.08,-7057.44,-4.14,STOP_LOSS,4,73.45,13.28,62.0,2026
JSWCEMENT,JSW Cement Limited,2026-02-26,2026-02-27,2026-03-02,128.94,123.6,169818.1,-7037.26,-4.14,STOP_LOSS,1,75.76,8.88,62.4,2026
AAATECH,AAA Technologies Limited,2026-02-26,2026-02-27,2026-03-02,106.13,101.73,168851.17,-6997.19,-4.14,STOP_LOSS,1,96.01,5.04,58.2,2026
BUILDPRO,Shankara Buildpro Limited,2026-03-06,2026-03-09,2026-03-11,1001.5,960.0,166249.0,-6889.36,-4.14,STOP_LOSS,2,82.71,4.75,63.2,2026
GUFICBIO,Gufic Biosciences Limited,2026-03-17,2026-03-18,2026-03-23,294.24,282.05,165069.03,-6840.46,-4.14,STOP_LOSS,3,80.27,3.78,62.1,2026
RELIGARE,Religare Enterprises Limited,2026-03-25,2026-03-27,2026-03-30,225.34,216.0,163820.36,-6788.72,-4.14,STOP_LOSS,1,77.58,3.86,61.5,2026
SEDEMAC,SEDEMAC Mechatronics Limited,2026-04-01,2026-04-02,2026-04-07,1547.32,1730.4,162468.34,19223.25,11.83,TARGET_HIT,2,71.19,3.83,66.1,2026
INDOTHAI,Indo Thai Securities Limited,2026-03-25,2026-03-27,2026-04-20,284.73,318.42,163148.26,19303.7,11.83,TARGET_HIT,13,74.22,3.74,67.8,2026
CARERATING,CARE Ratings Limited,2026-04-17,2026-04-20,2026-04-24,1615.22,1548.28,177674.11,-7362.82,-4.14,STOP_LOSS,4,82.12,6.31,67.4,2026
ANTHEM,Anthem Biosciences Limited,2026-04-08,2026-04-09,2026-04-27,689.08,770.61,166757.86,19730.79,11.83,TARGET_HIT,11,85.79,4.81,63.0,2026
KPIL,Kalpataru Projects International Limited,2026-04-08,2026-04-09,2026-04-30,1146.22,1248.42,168493.86,15024.55,8.92,TIME_EXIT,14,72.92,4.39,56.1,2026
THELEELA,Leela Palaces Hotels & Resorts Limited,2026-04-08,2026-04-09,2026-04-30,415.62,427.61,168327.11,4853.98,2.88,TIME_EXIT,14,84.94,3.74,57.5,2026
GALAPREC,Gala Precision Engineering Limited,2026-04-27,2026-04-28,2026-04-30,761.54,729.98,178200.5,-7384.63,-4.14,STOP_LOSS,2,79.36,4.61,61.6,2026
NIITMTS,NIIT Learning Systems Limited,2026-04-29,2026-04-30,2026-05-04,325.49,312.0,177716.18,-7364.56,-4.14,STOP_LOSS,1,82.48,3.52,63.9,2026
CREST,Crest Ventures Limited,2026-04-10,2026-04-13,2026-05-05,340.51,366.45,165487.86,12606.6,7.62,TIME_EXIT,14,97.75,18.41,60.7,2026
METROPOLIS,Metropolis Healthcare Limited,2026-05-04,2026-05-05,2026-05-08,495.64,554.29,175953.03,20818.76,11.83,TARGET_HIT,3,73.15,5.7,63.4,2026
CHALET,Chalet Hotels Limited,2026-05-06,2026-05-07,2026-05-12,797.19,764.16,178571.46,-7400.0,-4.14,STOP_LOSS,3,71.25,6.55,54.2,2026
JSWINFRA,JSW Infrastructure Limited,2026-05-07,2026-05-08,2026-05-12,282.87,271.15,181604.9,-7525.71,-4.14,STOP_LOSS,2,76.19,5.28,58.8,2026
GARFIBRES,Garware Technical Fibres Limited,2026-05-04,2026-05-05,2026-05-18,638.81,612.33,176949.48,-7332.79,-4.14,STOP_LOSS,9,78.47,4.12,56.3,2026
SANDHAR,Sandhar Technologies Limited,2026-05-06,2026-05-07,2026-05-21,514.77,575.68,171933.51,20343.17,11.83,TARGET_HIT,10,87.75,6.45,54.1,2026
DAVANGERE,Davangere Sugar Company Limited,2026-05-14,2026-05-15,2026-05-21,3.86,4.31,179617.42,21252.33,11.83,TARGET_HIT,4,74.07,17.49,63.5,2026
AIIL,Authum Investment & Infrastructure Limited,2026-05-20,2026-05-21,2026-05-26,512.47,491.23,185513.25,-7687.67,-4.14,STOP_LOSS,3,70.69,3.85,56.8,2026
RAINBOW,Rainbow Childrens Medicare Limited,2026-05-06,2026-05-07,2026-05-27,1300.95,1375.03,178229.94,10149.76,5.69,TIME_EXIT,14,84.23,8.07,54.3,2026
NRL,Nupur Recyclers Limited,2026-05-26,2026-05-27,2026-05-29,59.24,66.25,184824.82,21868.47,11.83,TARGET_HIT,1,81.82,16.55,61.9,2026
AURUM,Aurum PropTech Limited,2026-06-04,2026-06-05,2026-06-08,190.49,182.59,189151.9,-7838.45,-4.14,STOP_LOSS,1,70.45,3.97,67.6,2026
SHRIPISTON,SPR Auto Technologies Limited,2026-06-10,2026-06-11,2026-06-19,3430.14,3835.99,185227.43,21916.11,11.83,TARGET_HIT,6,83.18,9.75,60.2,2026
EQUITASBNK,Equitas Small Finance Bank Limited,2026-06-05,2026-06-08,2026-06-29,73.31,74.49,187673.09,3016.45,1.61,TIME_EXIT,14,79.63,6.76,65.8,2026
BBL,Bharat Bijlee Limited,2026-06-22,2026-06-23,2026-06-29,2926.38,2805.11,193141.28,-8003.77,-4.14,STOP_LOSS,3,72.19,7.72,63.3,2026
SANOFICONR,Sanofi Consumer Healthcare India Limited,2026-06-15,2026-06-16,2026-06-30,4750.82,4553.94,190032.62,-7874.95,-4.14,STOP_LOSS,9,96.37,46.98,56.7,2026
BLSE,BLS E-Services Limited,2026-06-29,2026-06-30,2026-07-03,235.05,262.86,188746.8,22332.52,11.83,TARGET_HIT,3,70.42,5.48,56.0,2026
MAHSCOOTER,Maharashtra Scooters Limited,2026-06-12,2026-06-15,2026-07-06,12418.6,13010.45,186279.0,8877.82,4.77,TIME_EXIT,14,77.26,4.97,58.7,2026
SUNCLAY,Sundaram Clayton Limited,2026-06-29,2026-06-30,2026-07-06,1389.98,1332.38,189037.53,-7833.72,-4.14,STOP_LOSS,4,81.38,7.84,60.5,2026
CHEMPLASTS,Chemplast Sanmar Limited,2026-07-02,2026-07-03,2026-07-06,213.12,204.29,193938.47,-8036.81,-4.14,STOP_LOSS,1,76.8,5.86,60.6,2026
ASIANHOTNR,Asian Hotels (North) Limited,2026-07-03,2026-07-06,2026-07-07,321.13,359.13,192999.72,22835.73,11.83,TARGET_HIT,1,75.9,18.85,66.9,2026
BUILDPRO,Shankara Buildpro Limited,2026-07-06,2026-07-07,2026-07-08,1037.05,994.08,197040.12,-8165.34,-4.14,STOP_LOSS,1,74.09,10.72,59.5,2026
INDIQUBE,Indiqube Spaces Limited,2026-07-10,2026-07-13,2026-07-14,179.27,171.84,197016.08,-8164.35,-4.14,STOP_LOSS,1,88.9,7.06,52.6,2026
JINDALPHOT,Jindal Photo Limited,2026-07-13,2026-07-14,2026-07-16,1191.28,1141.92,194179.33,-8046.79,-4.14,STOP_LOSS,2,73.67,9.67,63.0,2026
KARURVYSYA,Karur Vysya Bank Limited,2026-06-29,2026-06-30,2026-07-20,300.25,300.55,188556.81,187.65,0.1,TIME_EXIT,14,70.17,4.53,63.5,2026
JPOLYINVST,Jindal Poly Investment and Finance Company Limited,2026-07-13,2026-07-14,2026-07-22,1117.67,1071.36,194475.28,-8059.06,-4.14,STOP_LOSS,6,85.03,11.37,52.2,2026
ENDURANCE,Endurance Technologies Limited,2026-07-15,2026-07-16,2026-07-24,2764.14,2649.59,190725.66,-7903.67,-4.14,STOP_LOSS,6,72.28,3.38,54.3,2026
LALPATHLAB,Dr. Lal Path Labs Ltd.,2026-07-06,2026-07-07,2026-07-27,1697.54,1824.46,195217.39,14595.42,7.48,TIME_EXIT,14,77.82,3.16,62.1,2026
NBIFIN,N. B. I. Industrial Finance Company Limited,2026-07-22,2026-07-23,2026-07-28,2253.38,2160.0,189283.5,-7843.91,-4.14,STOP_LOSS,3,98.0,6.01,66.6,2026
SURAJEST,Suraj Estate Developers Limited,2026-08-05,2026-08-06,2026-08-07,207.31,198.72,190311.04,-7886.49,-4.14,STOP_LOSS,1,70.08,6.56,61.2,2026
MANAKSTEEL,Manaksia Steels Limited,2026-08-06,2026-08-07,2026-08-10,88.97,85.29,191559.43,-7938.22,-4.14,STOP_LOSS,1,73.56,6.27,63.9,2026
MATRIMONY,Matrimony.Com Limited,2026-08-06,2026-08-07,2026-08-11,448.72,501.81,188463.27,22298.97,11.83,TARGET_HIT,2,78.44,15.15,62.9,2026
VIPCLOTHNG,VIP Clothing Limited,2026-05-13,2026-05-14,2026-08-17,25.71,24.64,176874.51,-7329.68,-4.14,STOP_LOSS,65,71.78,6.79,64.5,2026
KAYA,Kaya Limited,2026-08-11,2026-08-12,2026-08-17,289.63,323.9,191737.58,22686.39,11.83,TARGET_HIT,3,70.05,3.74,64.1,2026
VIDHIING,Vidhi Specialty Food Ingredients Limited,2026-08-17,2026-08-18,2026-08-19,323.18,309.79,194556.8,-8062.43,-4.14,STOP_LOSS,1,77.59,3.53,53.2,2026
FISCHER,Fischer Medical Ventures Limited,2026-08-18,2026-08-19,2026-08-24,38.45,36.85,193199.11,-8006.17,-4.14,STOP_LOSS,3,92.03,6.52,60.4,2026
JAIBALAJI,Jai Balaji Industries Limited,2026-08-31,2026-09-01,2026-09-02,72.68,69.67,190781.99,-7906.01,-4.14,STOP_LOSS,1,70.93,5.0,61.3,2026
CSLFINANCE,CSL Finance Limited,2026-08-31,2026-09-01,2026-09-02,240.36,230.4,188682.6,-7819.01,-4.14,STOP_LOSS,1,80.76,3.79,67.4,2026
JINDALPOLY,Jindal Poly Films Limited,2026-09-01,2026-09-02,2026-09-03,716.02,686.35,187597.88,-7774.06,-4.14,STOP_LOSS,1,71.76,21.64,57.9,2026
ICICIPRULI,ICICI Prudential Life Insurance Company Limited,2026-08-31,2026-09-01,2026-09-07,507.76,486.72,189394.67,-7848.51,-4.14,STOP_LOSS,4,77.99,4.14,61.9,2026
SATIA,Satia Industries Limited,2026-09-03,2026-09-04,2026-09-07,60.83,68.03,188880.6,22348.35,11.83,TARGET_HIT,1,74.73,7.86,52.4,2026
STLNETWORK,STL Networks Limited,2026-08-28,2026-08-31,2026-09-08,27.71,30.99,191597.35,22669.8,11.83,TARGET_HIT,6,73.78,3.06,62.2,2026
SREEL,Sreeleathers Limited,2026-09-07,2026-09-08,2026-09-09,279.82,312.93,194194.46,22977.09,11.83,TARGET_HIT,1,73.32,3.22,65.0,2026
FOODSIN,Foods & Inns Limited,2026-09-02,2026-09-03,2026-09-15,55.26,52.97,185627.64,-7692.41,-4.14,STOP_LOSS,7,88.37,7.48,52.3,2026
GRPLTD,GRP Limited,2026-09-15,2026-09-16,2026-09-17,2049.27,1964.35,196729.85,-8152.49,-4.14,STOP_LOSS,1,81.92,23.76,58.0,2026
