strategy,symbol,date,entry_time,entry,sl,t1,t2,t3,risk_pct,r_pnl,win,hit_t1,hit_t2,hit_t3
APEX_INSTITUTIONAL_SPRING,TATAPOWER,2026-07-15,10:25:00,381.5,379.53,384.46,386.43,388.4,0.52,1.5,True,True,False,False
APEX_INSTITUTIONAL_SPRING,TATAPOWER,2026-07-20,11:35:00,382.1000061035156,380.67,384.25,385.68,387.11,0.37,1.5,True,True,False,False
APEX_INSTITUTIONAL_SPRING,TATAPOWER,2026-07-29,10:35:00,374.04998779296875,372.91,375.76,376.9,378.04,0.3,-1.0,False,False,False,False
APEX_INSTITUTIONAL_SPRING,TATAPOWER,2026-09-02,11:50:00,357.95001220703125,356.16,360.64,362.43,364.22,0.5,2.5,True,True,True,False
APEX_INSTITUTIONAL_SPRING,TATAPOWER,2026-09-03,11:00:00,368.3999938964844,366.45,371.32,373.27,375.22,0.53,-1.0,False,False,False,False
APEX_INSTITUTIONAL_SPRING,TATAPOWER,2026-09-09,11:35:00,370.8999938964844,368.45,374.57,377.02,379.47,0.66,-1.0,False,False,False,False
APEX_INSTITUTIONAL_SPRING,TATAPOWER,2026-09-17,11:40:00,363.6000061035156,361.71,366.44,368.33,370.22,0.52,3.5,True,True,True,True
APEX_INSTITUTIONAL_SPRING,TRENT,2026-07-20,10:10:00,2901.199951171875,2884.37,2926.44,2943.27,2960.1,0.58,1.5,True,True,False,False
APEX_INSTITUTIONAL_SPRING,TRENT,2026-07-23,11:45:00,2903.39990234375,2893.15,2918.77,2929.02,2939.27,0.35,2.5,True,True,True,False
APEX_INSTITUTIONAL_SPRING,TRENT,2026-08-04,10:45:00,3079.60009765625,3065.39,3100.92,3115.13,3129.34,0.46,1.5,True,True,False,False
APEX_INSTITUTIONAL_SPRING,TRENT,2026-08-05,10:05:00,3130.0,3116.34,3150.49,3164.15,3177.81,0.44,-1.0,False,False,False,False
APEX_INSTITUTIONAL_SPRING,TRENT,2026-08-10,10:15:00,3018.39990234375,3002.59,3042.11,3057.92,3073.73,0.52,1.5,True,True,False,False
APEX_INSTITUTIONAL_SPRING,TRENT,2026-08-14,10:50:00,2998.10009765625,2979.52,3025.97,3044.55,3063.13,0.62,-1.0,False,False,False,False
APEX_INSTITUTIONAL_SPRING,TRENT,2026-09-04,10:35:00,2868.800048828125,2859.92,2882.12,2891.0,2899.88,0.31,-1.0,False,False,False,False
APEX_INSTITUTIONAL_SPRING,SIEMENS,2026-07-15,10:25:00,3550.800048828125,3533.09,3577.37,3595.08,3612.79,0.5,2.5,True,True,True,False
APEX_INSTITUTIONAL_SPRING,SIEMENS,2026-07-17,10:40:00,3678.0,3658.2,3707.7,3727.5,3747.3,0.54,-1.0,False,False,False,False
APEX_INSTITUTIONAL_SPRING,SIEMENS,2026-07-29,10:40:00,3647.0,3616.97,3692.04,3722.08,3752.11,0.82,-1.0,False,False,False,False
APEX_INSTITUTIONAL_SPRING,SIEMENS,2026-08-03,10:15:00,3790.0,3775.13,3812.3,3827.17,3842.04,0.39,3.5,True,True,True,True
APEX_INSTITUTIONAL_SPRING,SIEMENS,2026-08-11,10:15:00,3908.699951171875,3884.96,3944.31,3968.05,3991.79,0.61,-1.0,False,False,False,False
APEX_INSTITUTIONAL_SPRING,SIEMENS,2026-08-12,10:40:00,4030.60009765625,3998.99,4078.02,4109.63,4141.24,0.78,-1.0,False,False,False,False
APEX_INSTITUTIONAL_SPRING,SIEMENS,2026-08-21,11:35:00,3906.10009765625,3889.16,3931.51,3948.45,3965.39,0.43,-1.0,False,False,False,False
APEX_INSTITUTIONAL_SPRING,SIEMENS,2026-08-24,11:20:00,4075.0,4046.95,4117.08,4145.12,4173.18,0.69,-1.0,False,False,False,False
APEX_INSTITUTIONAL_SPRING,SIEMENS,2026-09-03,10:35:00,4099.7001953125,4072.27,4140.85,4168.28,4195.71,0.67,-1.0,False,False,False,False
APEX_INSTITUTIONAL_SPRING,SIEMENS,2026-09-08,11:50:00,3979.699951171875,3960.25,4008.87,4028.32,4047.77,0.49,-1.0,False,False,False,False
APEX_INSTITUTIONAL_SPRING,SIEMENS,2026-09-09,11:35:00,3963.39990234375,3943.38,3993.43,4013.45,4033.47,0.51,-1.0,False,False,False,False
APEX_INSTITUTIONAL_SPRING,SIEMENS,2026-09-17,10:05:00,3793.800048828125,3772.27,3826.1,3847.63,3869.16,0.57,-1.0,False,False,False,False
APEX_INSTITUTIONAL_SPRING,SIEMENS,2026-09-18,10:15:00,3811.10009765625,3796.8,3832.55,3846.85,3861.15,0.38,-1.0,False,False,False,False
APEX_INSTITUTIONAL_SPRING,BHARATFORG,2026-07-06,10:40:00,2157.800048828125,2149.27,2170.6,2179.13,2187.66,0.4,-1.0,False,False,False,False
APEX_INSTITUTIONAL_SPRING,BHARATFORG,2026-07-13,10:25:00,2130.89990234375,2118.74,2149.14,2161.3,2173.46,0.57,1.5,True,True,False,False
APEX_INSTITUTIONAL_SPRING,BHARATFORG,2026-07-31,10:20:00,2208.39990234375,2192.95,2231.57,2247.02,2262.47,0.7,-1.0,False,False,False,False
APEX_INSTITUTIONAL_SPRING,BHARATFORG,2026-08-17,11:35:00,2082.60009765625,2074.58,2094.63,2102.65,2110.67,0.39,1.5,True,True,False,False
APEX_INSTITUTIONAL_SPRING,BHARATFORG,2026-09-17,10:35:00,1907.199951171875,1893.75,1927.37,1940.82,1954.27,0.71,2.5,True,True,True,False
APEX_INSTITUTIONAL_SPRING,BHARATFORG,2026-09-18,10:25:00,1971.4000244140625,1957.26,1992.61,2006.75,2020.89,0.72,1.5,True,True,False,False
APEX_INSTITUTIONAL_SPRING,RELIANCE,2026-07-10,10:35:00,1301.9000244140625,1296.83,1309.51,1314.58,1319.65,0.39,1.5,True,True,False,False
APEX_INSTITUTIONAL_SPRING,RELIANCE,2026-07-15,10:15:00,1305.5999755859375,1298.15,1316.77,1324.22,1331.67,0.57,-1.0,False,False,False,False
APEX_INSTITUTIONAL_SPRING,RELIANCE,2026-07-16,10:15:00,1306.800048828125,1300.74,1315.89,1321.95,1328.01,0.46,-1.0,False,False,False,False
APEX_INSTITUTIONAL_SPRING,RELIANCE,2026-07-17,10:40:00,1320.9000244140625,1315.43,1329.11,1334.58,1340.05,0.41,1.5,True,True,False,False
APEX_INSTITUTIONAL_SPRING,RELIANCE,2026-07-20,10:50:00,1330.699951171875,1321.51,1344.48,1353.67,1362.86,0.69,-1.0,False,False,False,False
APEX_INSTITUTIONAL_SPRING,RELIANCE,2026-08-06,10:20:00,1300.4000244140625,1296.25,1306.63,1310.78,1314.93,0.32,3.5,True,True,True,True
APEX_INSTITUTIONAL_SPRING,RELIANCE,2026-08-18,10:55:00,1321.199951171875,1317.22,1327.17,1331.15,1335.13,0.3,0.2,True,False,False,False
APEX_INSTITUTIONAL_SPRING,RELIANCE,2026-09-01,10:00:00,1297.199951171875,1291.16,1306.26,1312.3,1318.34,0.47,1.5,True,True,False,False
APEX_INSTITUTIONAL_SPRING,RELIANCE,2026-09-04,10:30:00,1328.4000244140625,1321.47,1338.8,1345.73,1352.66,0.52,-0.92,False,False,False,False
APEX_INSTITUTIONAL_SPRING,TCS,2026-07-07,11:00:00,2105.89990234375,2092.35,2126.22,2139.77,2153.32,0.64,-0.74,False,False,False,False
APEX_INSTITUTIONAL_SPRING,TCS,2026-07-13,10:25:00,2125.300048828125,2110.28,2147.83,2162.85,2177.87,0.71,3.5,True,True,True,True
APEX_INSTITUTIONAL_SPRING,TCS,2026-07-15,10:00:00,2179.300048828125,2163.55,2202.93,2218.68,2234.43,0.72,0.63,True,False,False,False
APEX_INSTITUTIONAL_SPRING,TCS,2026-07-16,10:25:00,2210.300048828125,2197.8,2229.05,2241.55,2254.05,0.57,1.5,True,True,False,False
APEX_INSTITUTIONAL_SPRING,TCS,2026-07-17,10:35:00,2231.0,2219.77,2247.85,2259.07,2270.31,0.5,3.5,True,True,True,True
APEX_INSTITUTIONAL_SPRING,TCS,2026-07-24,12:10:00,2237.10009765625,2230.25,2247.38,2254.23,2261.08,0.31,2.5,True,True,True,False
APEX_INSTITUTIONAL_SPRING,TCS,2026-07-27,10:55:00,2303.5,2292.26,2320.36,2331.6,2342.84,0.49,-1.0,False,False,False,False
APEX_INSTITUTIONAL_SPRING,TCS,2026-07-29,10:20:00,2456.60009765625,2443.63,2476.06,2489.03,2502.0,0.53,-1.0,False,False,False,False
APEX_INSTITUTIONAL_SPRING,TCS,2026-08-07,11:25:00,2435.0,2422.86,2453.21,2465.35,2477.49,0.5,1.5,True,True,False,False
APEX_INSTITUTIONAL_SPRING,TCS,2026-08-28,10:20:00,2333.0,2318.83,2354.26,2368.43,2382.6,0.61,0.64,True,False,False,False
APEX_INSTITUTIONAL_SPRING,TCS,2026-09-11,10:10:00,2212.10009765625,2204.19,2223.97,2231.88,2239.79,0.36,-1.0,False,False,False,False
APEX_INSTITUTIONAL_SPRING,TCS,2026-09-15,10:45:00,2301.800048828125,2293.55,2314.18,2322.43,2330.68,0.36,2.5,True,True,True,False
APEX_INSTITUTIONAL_SPRING,TCS,2026-09-21,10:25:00,2120.800048828125,2104.79,2144.82,2160.83,2176.84,0.75,0.49,True,False,False,False
APEX_INSTITUTIONAL_SPRING,TCS,2026-09-24,10:15:00,2081.89990234375,2075.28,2091.83,2098.45,2105.07,0.32,1.5,True,True,False,False
APEX_INSTITUTIONAL_SPRING,TITAN,2026-07-07,10:50:00,4623.7998046875,4594.1,4668.35,4698.05,4727.75,0.64,-1.0,False,False,False,False
APEX_INSTITUTIONAL_SPRING,TITAN,2026-07-16,10:25:00,4627.2998046875,4607.98,4656.28,4675.6,4694.92,0.42,1.5,True,True,False,False
APEX_INSTITUTIONAL_SPRING,TITAN,2026-08-06,11:05:00,4973.2998046875,4957.65,4996.77,5012.42,5028.07,0.31,-1.0,False,False,False,False
APEX_INSTITUTIONAL_SPRING,TITAN,2026-08-10,11:45:00,5060.89990234375,5041.07,5090.64,5110.47,5130.3,0.39,1.5,True,True,False,False
APEX_INSTITUTIONAL_SPRING,TITAN,2026-08-11,11:35:00,5142.60009765625,5120.51,5175.74,5197.83,5219.92,0.43,-1.0,False,False,False,False
APEX_INSTITUTIONAL_SPRING,TITAN,2026-08-17,10:05:00,5084.39990234375,5064.09,5114.86,5135.17,5155.48,0.4,-0.78,False,False,False,False
APEX_INSTITUTIONAL_SPRING,DIVISLAB,2026-07-09,12:05:00,6875.5,6839.73,6929.16,6964.93,7000.7,0.52,-1.0,False,False,False,False
APEX_INSTITUTIONAL_SPRING,DIVISLAB,2026-07-27,10:10:00,7349.0,7309.55,7408.17,7447.62,7487.07,0.54,2.5,True,True,True,False
APEX_INSTITUTIONAL_SPRING,DIVISLAB,2026-07-31,11:40:00,8019.5,7971.52,8091.47,8139.45,8187.43,0.6,1.37,True,False,False,False
APEX_INSTITUTIONAL_SPRING,DIVISLAB,2026-08-14,10:30:00,8546.0,8514.71,8592.94,8624.23,8655.52,0.37,-1.0,False,False,False,False
APEX_INSTITUTIONAL_SPRING,DIVISLAB,2026-08-26,10:35:00,8908.5,8858.46,8983.56,9033.6,9083.64,0.56,2.5,True,True,True,False
APEX_INSTITUTIONAL_SPRING,DIVISLAB,2026-08-27,10:15:00,9070.0,9030.93,9128.6,9167.67,9206.74,0.43,-0.26,False,False,False,False
APEX_INSTITUTIONAL_SPRING,DIVISLAB,2026-08-28,10:20:00,9157.5,9129.29,9199.81,9228.02,9256.23,0.31,3.5,True,True,True,True
APEX_INSTITUTIONAL_SPRING,DIVISLAB,2026-09-17,10:15:00,9287.0,9230.83,9371.26,9427.42,9483.6,0.6,0.64,True,False,False,False
APEX_INSTITUTIONAL_SPRING,M&M,2026-07-15,10:30:00,3110.0,3093.75,3134.38,3150.62,3166.88,0.52,-1.0,False,False,False,False
APEX_INSTITUTIONAL_SPRING,M&M,2026-07-17,10:05:00,3155.89990234375,3141.28,3177.83,3192.45,3207.07,0.46,1.5,True,True,False,False
APEX_INSTITUTIONAL_SPRING,M&M,2026-07-30,10:35:00,3260.699951171875,3250.12,3276.57,3287.15,3297.73,0.32,-1.0,False,False,False,False
APEX_INSTITUTIONAL_SPRING,M&M,2026-07-31,10:15:00,3368.0,3340.78,3408.83,3436.05,3463.27,0.81,2.5,True,True,True,False
APEX_INSTITUTIONAL_SPRING,M&M,2026-08-07,10:45:00,3445.699951171875,3434.64,3462.29,3473.35,3484.41,0.32,3.5,True,True,True,True
APEX_INSTITUTIONAL_SPRING,M&M,2026-09-16,10:40:00,3098.60009765625,3079.32,3127.52,3146.8,3166.08,0.62,-1.0,False,False,False,False
APEX_INSTITUTIONAL_SPRING,JINDALSTEL,2026-07-13,10:00:00,1037.5,1031.41,1046.63,1052.72,1058.81,0.59,-1.0,False,False,False,False
APEX_INSTITUTIONAL_SPRING,JINDALSTEL,2026-07-23,10:15:00,1050.4000244140625,1044.03,1059.96,1066.33,1072.7,0.61,-1.0,False,False,False,False
APEX_INSTITUTIONAL_SPRING,JINDALSTEL,2026-07-30,11:00:00,1091.9000244140625,1088.07,1097.65,1101.48,1105.31,0.35,1.5,True,True,False,False
APEX_INSTITUTIONAL_SPRING,JINDALSTEL,2026-07-31,10:55:00,1111.5999755859375,1105.39,1120.91,1127.12,1133.33,0.56,-1.0,False,False,False,False
APEX_INSTITUTIONAL_SPRING,JINDALSTEL,2026-08-03,11:00:00,1111.5999755859375,1104.54,1122.19,1129.25,1136.31,0.64,-0.92,False,False,False,False
APEX_INSTITUTIONAL_SPRING,JINDALSTEL,2026-08-04,10:40:00,1113.5,1107.54,1122.44,1128.4,1134.36,0.54,1.5,True,True,False,False
APEX_INSTITUTIONAL_SPRING,JINDALSTEL,2026-08-19,10:50:00,1116.5,1110.92,1124.87,1130.45,1136.03,0.5,-1.0,False,False,False,False
APEX_INSTITUTIONAL_SPRING,JINDALSTEL,2026-08-21,10:45:00,1127.699951171875,1121.62,1136.82,1142.9,1148.98,0.54,-1.0,False,False,False,False
APEX_INSTITUTIONAL_SPRING,JINDALSTEL,2026-08-28,10:05:00,1189.199951171875,1184.84,1195.74,1200.1,1204.46,0.37,-1.0,False,False,False,False
APEX_INSTITUTIONAL_SPRING,JINDALSTEL,2026-09-11,10:35:00,1113.0,1106.14,1123.29,1130.15,1137.01,0.62,1.09,True,False,False,False
APEX_INSTITUTIONAL_SPRING,JINDALSTEL,2026-09-16,10:20:00,1095.300048828125,1088.37,1105.7,1112.63,1119.56,0.63,2.5,True,True,True,False
APEX_INSTITUTIONAL_SPRING,JINDALSTEL,2026-09-17,11:55:00,1126.0,1122.41,1131.38,1134.97,1138.56,0.32,1.5,True,True,False,False
