symbol,total_trades,win_rate_pct,profit_factor,expectancy_r,target_2_hits,target_2_pct
TATAPOWER,17,47.1,1.89,0.42,6,35.3
TCS,14,42.9,2.14,0.44,5,35.7
RELIANCE,15,40.0,2.12,0.14,3,20.0
HDFCBANK,15,40.0,1.41,0.24,4,26.7
TITAN,20,40.0,1.47,0.12,4,20.0
DIVISLAB,28,39.3,1.79,0.31,10,35.7
DRREDDY,18,38.9,1.6,0.15,5,27.8
SIEMENS,19,36.8,1.52,0.24,6,31.6
POLYCAB,20,35.0,1.08,-0.01,3,15.0
AXISBANK,20,35.0,0.7,-0.27,2,10.0
ITC,18,33.3,0.88,-0.06,2,11.1
M&M,21,33.3,0.93,0.02,4,19.0
BHARATFORG,18,33.3,0.85,0.08,5,27.8
KAYNES,22,31.8,1.3,0.06,6,27.3
GODREJPROP,22,31.8,0.8,-0.14,4,18.2
CHOLAFIN,16,31.2,1.21,-0.18,1,6.2
BAJFINANCE,16,31.2,1.03,-0.13,2,12.5
TATASTEEL,16,31.2,0.61,-0.17,3,18.8
LT,17,29.4,0.64,-0.24,1,5.9
BEL,17,29.4,1.39,-0.09,4,23.5
BPCL,18,27.8,0.51,-0.24,2,11.1
ICICIBANK,18,27.8,0.45,-0.37,1,5.6
COFORGE,15,26.7,0.99,-0.16,3,20.0
JINDALSTEL,27,25.9,0.79,-0.21,4,14.8
INFY,12,25.0,1.7,-0.16,2,16.7
HAL,20,25.0,0.55,-0.28,2,10.0
HINDALCO,20,25.0,0.39,-0.35,3,15.0
PFC,21,23.8,0.64,-0.34,2,9.5
VEDL,17,23.5,0.68,-0.24,3,17.6
TRENT,18,22.2,0.74,-0.3,3,16.7
JSWSTEEL,23,21.7,0.55,-0.33,3,13.0
BAJAJ-AUTO,28,21.4,0.75,-0.34,4,14.3
SUNPHARMA,20,20.0,0.35,-0.51,2,10.0
DLF,30,20.0,0.82,-0.36,4,13.3
PERSISTENT,26,19.2,0.65,-0.42,3,11.5
MARUTI,16,18.8,0.45,-0.37,1,6.2
SBIN,18,16.7,0.32,-0.67,0,0.0
HINDUNILVR,21,14.3,0.27,-0.53,2,9.5
TECHM,21,14.3,0.37,-0.63,1,4.8
CIPLA,20,10.0,0.23,-0.75,1,5.0
