symbol,date,is_narrow_cpr,cpr_width_pct,orb_body_ratio,entry_price,exit_price,outcome,pnl_pct,r_multiple,hit_target_1,hit_target_2,vol_ratio,candle_body_ratio,is_high_volume,is_solid_candle
MARUTI,2026-07-07,False,0.303,49.4,14542.0,14530.0,EOD_LOSS,-0.08,-0.18,False,False,2.76,83.7,True,True
MARUTI,2026-07-10,False,0.736,72.6,13909.0,13847.91,STOP_LOSS,-0.44,-1.0,False,False,1.91,72.4,True,True
MARUTI,2026-07-15,False,0.431,27.6,13598.0,13524.82,STOP_LOSS,-0.54,-1.0,False,False,3.35,88.5,True,True
MARUTI,2026-07-27,False,0.506,9.9,13629.0,13730.0,EOD_PROFIT,0.74,1.74,True,False,3.77,27.3,True,False
MARUTI,2026-07-28,False,0.485,47.5,13746.0,13710.5,STOP_LOSS,-0.26,-1.0,False,False,3.02,71.4,True,True
MARUTI,2026-07-30,False,0.389,73.4,14020.0,13969.21,STOP_LOSS,-0.36,-1.0,False,False,1.62,54.1,True,False
MARUTI,2026-08-04,True,0.038,54.5,14152.0,14077.46,STOP_LOSS,-0.53,-1.0,False,False,2.07,90.6,True,True
MARUTI,2026-08-10,False,0.487,91.5,14099.0,14097.0,EOD_LOSS,-0.01,-0.03,False,False,2.67,39.1,True,False
MARUTI,2026-08-11,True,0.254,11.3,14122.0,14088.5,STOP_LOSS,-0.24,-1.0,False,False,1.23,55.3,False,True
MARUTI,2026-08-14,True,0.118,10.0,13898.0,13834.0,EOD_LOSS,-0.46,-0.75,False,False,0.69,65.2,False,True
MARUTI,2026-08-17,True,0.053,43.3,13880.0,13842.0,STOP_LOSS,-0.27,-1.0,False,False,2.49,34.5,True,False
MARUTI,2026-08-28,True,0.23,70.8,13504.0,13445.5,STOP_LOSS,-0.43,-1.0,False,False,0.68,45.2,False,False
MARUTI,2026-09-03,False,0.446,56.9,12881.0,12857.0,EOD_LOSS,-0.19,-0.39,False,False,1.86,85.3,True,True
MARUTI,2026-09-07,False,0.288,31.0,12749.0,12760.0,EOD_PROFIT,0.09,0.16,False,False,0.44,84.2,False,True
MARUTI,2026-09-17,False,0.523,85.4,12269.0,12395.98,TARGET_2,1.03,2.5,True,True,2.0,55.6,True,True
MARUTI,2026-09-23,True,0.101,27.3,12241.0,12204.0,STOP_LOSS,-0.3,-1.0,False,False,1.34,4.8,False,False
M&M,2026-07-10,False,0.517,11.7,3123.9,3129.0,EOD_PROFIT,0.16,0.52,False,False,1.38,47.5,False,False
M&M,2026-07-13,True,0.19,20.6,3129.0,3160.4,EOD_PROFIT,1.0,1.36,False,False,0.68,59.4,False,True
M&M,2026-07-15,True,0.246,52.8,3116.9,3101.45,STOP_LOSS,-0.5,-1.0,False,False,0.37,28.1,False,False
M&M,2026-07-16,True,0.272,48.8,3140.0,3121.89,STOP_LOSS,-0.58,-1.0,False,False,6.37,42.9,True,False
M&M,2026-07-20,False,0.573,48.5,3171.4,3155.35,STOP_LOSS,-0.51,-1.0,False,False,1.38,64.3,False,True
M&M,2026-07-21,True,0.075,7.2,3170.7,3198.32,TARGET_2,0.87,2.5,True,True,3.36,58.4,True,True
M&M,2026-07-23,False,0.381,66.7,3195.5,3231.85,TARGET_2,1.14,2.5,True,True,1.81,86.9,True,True
M&M,2026-07-27,True,0.211,12.1,3207.4,3240.5,EOD_PROFIT,1.03,1.92,True,False,1.04,84.1,False,True
M&M,2026-07-28,False,0.567,74.0,3246.8,3280.08,TARGET_2,1.03,2.5,True,True,2.99,91.5,True,True
M&M,2026-07-30,False,0.909,62.2,3281.2,3253.26,STOP_LOSS,-0.85,-1.0,False,False,1.68,100.0,True,True
M&M,2026-08-04,True,0.104,22.6,3428.0,3405.2,STOP_LOSS,-0.67,-1.0,False,False,0.97,76.3,False,True
M&M,2026-08-05,False,0.459,37.7,3484.5,3464.19,STOP_LOSS,-0.58,-1.0,False,False,2.68,76.5,True,True
M&M,2026-08-07,False,0.408,70.6,3455.0,3498.38,TARGET_2,1.26,2.5,True,True,1.1,51.3,False,False
M&M,2026-08-18,False,0.583,85.3,3424.0,3413.05,STOP_LOSS,-0.32,-1.0,False,False,0.67,37.2,False,False
M&M,2026-08-19,True,0.067,98.6,3424.3,3415.0,EOD_LOSS,-0.27,-0.29,False,False,1.65,84.3,True,True
M&M,2026-08-20,False,0.327,59.8,3430.3,3430.3,STOP_LOSS,0.0,-1.0,False,False,0.86,84.6,False,True
M&M,2026-08-24,False,0.394,19.0,3441.7,3425.2,STOP_LOSS,-0.48,-1.0,False,False,3.41,93.8,True,True
M&M,2026-09-07,True,0.102,6.9,3170.7,3157.17,STOP_LOSS,-0.43,-1.0,False,False,0.87,43.7,False,False
M&M,2026-09-16,False,0.964,61.6,3094.4,3072.08,STOP_LOSS,-0.72,-1.0,False,False,1.36,87.5,False,True
M&M,2026-09-17,True,0.022,92.5,3106.9,3094.77,STOP_LOSS,-0.39,-1.0,False,False,0.85,84.1,False,True
M&M,2026-09-24,True,0.037,31.6,3038.0,3017.6,STOP_LOSS,-0.67,-1.0,False,False,0.43,65.2,False,True
BAJAJ-AUTO,2026-07-07,False,0.603,40.1,10137.0,10089.84,STOP_LOSS,-0.47,-1.0,False,False,0.75,35.4,False,False
BAJAJ-AUTO,2026-07-08,True,0.043,13.7,10145.0,10178.5,EOD_PROFIT,0.33,0.41,False,False,3.52,93.9,True,True
BAJAJ-AUTO,2026-07-10,True,0.203,25.8,10257.0,10214.68,STOP_LOSS,-0.41,-1.0,False,False,6.88,67.8,True,True
BAJAJ-AUTO,2026-07-13,False,0.311,34.1,10223.5,10223.5,STOP_LOSS,0.0,-1.0,False,False,1.3,36.2,False,False
BAJAJ-AUTO,2026-07-15,False,0.569,74.3,10360.0,10309.06,STOP_LOSS,-0.49,-1.0,False,False,0.51,22.6,False,False
BAJAJ-AUTO,2026-07-20,True,0.075,43.8,10498.0,10451.47,STOP_LOSS,-0.44,-1.0,False,False,2.63,85.5,True,True
BAJAJ-AUTO,2026-07-22,False,0.303,39.9,10870.0,10998.5,EOD_PROFIT,1.18,1.18,False,False,3.95,68.0,True,True
BAJAJ-AUTO,2026-07-23,False,1.188,74.8,11137.5,11306.05,TARGET_2,1.51,2.5,True,True,3.15,71.7,True,True
BAJAJ-AUTO,2026-07-24,False,0.803,7.3,11256.0,11256.0,STOP_LOSS,0.0,-1.0,False,False,2.81,48.5,True,False
BAJAJ-AUTO,2026-07-28,True,0.042,61.0,11218.5,11297.88,TARGET_2,0.71,2.5,True,True,1.03,89.7,False,True
BAJAJ-AUTO,2026-07-29,False,0.742,9.0,11500.5,11449.54,STOP_LOSS,-0.44,-1.0,False,False,1.11,84.9,False,True
BAJAJ-AUTO,2026-07-30,False,0.476,57.1,11484.0,11430.78,STOP_LOSS,-0.46,-1.0,False,False,1.97,85.6,True,True
BAJAJ-AUTO,2026-07-31,True,0.034,22.9,11521.0,11520.5,EOD_LOSS,-0.0,-0.01,False,False,0.87,80.0,False,True
BAJAJ-AUTO,2026-08-05,True,0.123,4.4,11666.0,11666.0,STOP_LOSS,0.0,-1.0,False,False,1.34,94.4,False,True
BAJAJ-AUTO,2026-08-07,True,0.258,58.1,11684.0,11628.5,STOP_LOSS,-0.48,-1.0,False,False,0.88,100.0,False,True
BAJAJ-AUTO,2026-08-10,True,0.092,35.1,11760.0,11693.34,STOP_LOSS,-0.57,-1.0,False,False,2.08,91.4,True,True
BAJAJ-AUTO,2026-08-11,True,0.134,84.1,11819.0,11784.31,STOP_LOSS,-0.29,-1.0,False,False,1.23,48.7,False,False
BAJAJ-AUTO,2026-08-14,True,0.106,25.0,11755.0,11702.37,STOP_LOSS,-0.45,-1.0,False,False,4.66,64.0,True,True
BAJAJ-AUTO,2026-08-17,True,0.137,11.4,11799.0,11732.0,STOP_LOSS,-0.57,-1.0,False,False,1.85,94.9,True,True
BAJAJ-AUTO,2026-08-18,False,0.387,60.0,11760.0,11736.5,STOP_LOSS,-0.2,-1.0,False,False,1.52,78.4,False,True
BAJAJ-AUTO,2026-08-20,True,0.103,20.4,11690.0,11757.5,TARGET_2,0.58,2.5,True,True,2.86,73.3,True,True
BAJAJ-AUTO,2026-08-24,True,0.134,0.0,11791.0,11757.0,STOP_LOSS,-0.29,-1.0,False,False,2.44,76.0,True,True
BAJAJ-AUTO,2026-08-25,True,0.088,28.3,11795.0,11771.0,STOP_LOSS,-0.2,-1.0,False,False,0.58,75.0,False,True
BAJAJ-AUTO,2026-08-26,False,0.576,25.7,11909.0,11863.0,STOP_LOSS,-0.39,-1.0,False,False,2.17,76.9,True,True
BAJAJ-AUTO,2026-08-28,True,0.009,6.0,11839.0,11925.25,TARGET_2,0.73,2.5,True,True,2.32,34.9,True,False
BAJAJ-AUTO,2026-09-01,False,0.625,61.1,12354.0,12354.0,STOP_LOSS,0.0,-1.0,False,False,1.54,71.2,False,True
BAJAJ-AUTO,2026-09-17,False,0.613,10.5,11574.0,11542.5,STOP_LOSS,-0.27,-1.0,False,False,0.97,60.9,False,True
BAJAJ-AUTO,2026-09-23,True,0.135,34.9,11398.0,11361.5,STOP_LOSS,-0.32,-1.0,False,False,0.39,90.9,False,True
BHARATFORG,2026-07-08,True,0.222,63.0,2132.5,2111.18,STOP_LOSS,-1.0,-1.0,False,False,1.45,84.0,False,True
BHARATFORG,2026-07-13,False,0.419,40.6,2142.7,2147.8,EOD_PROFIT,0.24,0.26,False,False,3.77,100.0,True,True
BHARATFORG,2026-07-17,True,0.057,44.9,2127.6,2150.48,TARGET_2,1.08,2.5,True,True,3.71,89.7,True,True
BHARATFORG,2026-07-23,False,0.357,59.2,2204.0,2188.35,STOP_LOSS,-0.71,-1.0,False,False,1.15,91.7,False,True
BHARATFORG,2026-07-31,True,0.214,65.9,2208.2,2191.59,STOP_LOSS,-0.75,-1.0,False,False,2.22,89.6,True,True
BHARATFORG,2026-08-03,False,0.553,4.9,2228.2,2218.91,STOP_LOSS,-0.42,-1.0,False,False,1.36,21.3,False,False
BHARATFORG,2026-08-05,True,0.131,14.4,2215.8,2204.84,STOP_LOSS,-0.49,-1.0,False,False,1.5,60.0,False,True
BHARATFORG,2026-08-06,False,0.301,71.2,2209.0,2192.81,STOP_LOSS,-0.73,-1.0,False,False,1.46,87.2,False,True
BHARATFORG,2026-08-07,False,0.321,78.6,2226.0,2226.0,STOP_LOSS,0.0,-1.0,False,False,0.74,82.1,False,True
BHARATFORG,2026-08-10,False,0.943,28.9,2290.0,2276.4,STOP_LOSS,-0.59,-1.0,False,False,2.89,87.6,True,True
BHARATFORG,2026-08-13,False,0.619,45.4,2093.5,2083.8,STOP_LOSS,-0.46,-1.0,False,False,1.27,82.9,False,True
BHARATFORG,2026-08-17,True,0.193,44.9,2091.9,2078.41,STOP_LOSS,-0.64,-1.0,False,False,1.27,98.5,False,True
BHARATFORG,2026-08-27,False,0.731,25.5,2027.3,2049.3,TARGET_2,1.09,2.5,True,True,0.43,32.4,False,False
BHARATFORG,2026-09-08,False,0.464,97.1,1950.8,1979.8,TARGET_2,1.49,2.5,True,True,2.27,80.1,True,True
BHARATFORG,2026-09-17,False,0.399,23.3,1901.4,1924.4,TARGET_2,1.21,2.5,True,True,1.5,30.6,False,False
BHARATFORG,2026-09-18,False,0.307,11.0,1985.9,1966.04,STOP_LOSS,-1.0,-1.0,False,False,4.82,89.2,True,True
BHARATFORG,2026-09-22,True,0.249,36.6,1983.4,2000.28,TARGET_2,0.85,2.5,True,True,3.69,96.2,True,True
BHARATFORG,2026-09-24,True,0.193,12.3,2003.2,1998.9,EOD_LOSS,-0.21,-0.27,False,False,1.33,76.5,False,True
TCS,2026-07-07,False,0.376,64.5,2086.9,2121.32,TARGET_2,1.65,2.5,True,True,1.46,61.1,False,True
TCS,2026-07-13,False,0.983,55.6,2112.5,2148.78,TARGET_2,1.72,2.5,True,True,2.44,100.0,True,True
TCS,2026-07-23,True,0.17,54.2,2214.8,2244.78,TARGET_2,1.35,2.5,True,True,1.29,86.2,False,True
TCS,2026-07-27,False,0.468,52.8,2300.8,2296.0,EOD_LOSS,-0.21,-0.37,False,False,2.4,89.0,True,True
TCS,2026-07-28,True,0.067,82.5,2376.4,2411.65,TARGET_2,1.48,2.5,True,True,1.48,93.6,False,True
TCS,2026-07-29,False,0.775,26.6,2466.7,2442.94,STOP_LOSS,-0.96,-1.0,False,False,1.67,74.4,True,True
TCS,2026-07-30,True,0.111,80.2,2491.7,2474.86,STOP_LOSS,-0.68,-1.0,False,False,4.13,60.1,True,True
TCS,2026-08-03,True,0.246,48.1,2404.5,2430.75,TARGET_2,1.09,2.5,True,True,1.51,45.3,False,False
TCS,2026-08-07,False,0.792,93.9,2431.6,2431.6,STOP_LOSS,0.0,-1.0,False,False,0.78,52.5,False,False
TCS,2026-08-10,False,0.956,27.3,2463.7,2452.35,STOP_LOSS,-0.46,-1.0,False,False,1.52,43.3,False,False
TCS,2026-08-24,False,0.493,84.3,2316.2,2309.48,STOP_LOSS,-0.29,-1.0,False,False,0.91,43.7,False,False
TCS,2026-08-28,False,0.455,98.3,2328.5,2342.0,EOD_PROFIT,0.58,0.97,False,False,1.66,89.5,True,True
TCS,2026-09-10,True,0.19,55.3,2224.0,2212.75,STOP_LOSS,-0.51,-1.0,False,False,1.38,63.1,False,True
TCS,2026-09-24,True,0.022,92.3,2093.7,2082.0,STOP_LOSS,-0.56,-1.0,False,False,2.94,77.0,True,True
INFY,2026-07-07,True,0.118,68.7,1069.2,1069.2,STOP_LOSS,0.0,-1.0,False,False,2.05,67.7,True,True
INFY,2026-07-13,False,0.599,20.7,1080.4,1107.4,TARGET_2,2.5,2.5,True,True,2.41,85.7,True,True
INFY,2026-07-27,False,0.723,82.2,1074.8,1079.2,EOD_PROFIT,0.41,0.75,False,False,2.51,60.8,True,True
INFY,2026-07-28,False,0.597,68.2,1110.4,1106.34,STOP_LOSS,-0.37,-1.0,False,False,2.09,76.1,True,True
INFY,2026-07-29,True,0.217,42.9,1154.4,1154.0,EOD_LOSS,-0.03,-0.03,False,False,1.88,84.1,True,True
INFY,2026-08-03,False,0.403,33.9,1151.0,1167.0,TARGET_2,1.39,2.5,True,True,0.72,66.7,False,True
INFY,2026-08-07,False,0.541,95.1,1180.7,1175.33,STOP_LOSS,-0.45,-1.0,False,False,2.29,58.6,True,True
INFY,2026-08-10,False,0.287,21.3,1189.0,1183.0,EOD_LOSS,-0.5,-0.67,False,False,3.11,68.4,True,True
INFY,2026-08-11,True,0.121,26.1,1193.3,1189.25,STOP_LOSS,-0.34,-1.0,False,False,3.37,86.4,True,True
INFY,2026-08-28,False,0.49,71.7,1141.6,1136.95,STOP_LOSS,-0.41,-1.0,False,False,1.43,88.6,False,True
INFY,2026-09-01,False,0.369,72.9,1145.0,1145.0,STOP_LOSS,0.0,-1.0,False,False,3.22,38.5,True,False
INFY,2026-09-10,False,0.474,9.8,1042.8,1038.29,STOP_LOSS,-0.43,-1.0,False,False,2.19,57.1,True,True
TECHM,2026-07-07,True,0.104,4.6,1428.2,1456.65,TARGET_2,1.99,2.5,True,True,1.38,66.2,False,True
TECHM,2026-07-13,False,0.306,37.6,1464.8,1455.83,STOP_LOSS,-0.61,-1.0,False,False,1.56,63.5,False,True
TECHM,2026-07-16,False,0.834,33.3,1526.4,1518.48,STOP_LOSS,-0.52,-1.0,False,False,2.66,27.9,True,False
TECHM,2026-07-21,False,0.647,95.8,1612.2,1604.82,STOP_LOSS,-0.46,-1.0,False,False,1.92,58.2,True,True
TECHM,2026-07-23,True,0.096,43.9,1562.0,1554.53,STOP_LOSS,-0.48,-1.0,False,False,3.11,100.0,True,True
TECHM,2026-07-27,True,0.021,46.6,1589.1,1589.1,STOP_LOSS,0.0,-1.0,False,False,1.74,77.4,True,True
TECHM,2026-07-28,False,0.371,77.8,1627.8,1635.2,EOD_PROFIT,0.45,0.76,False,False,2.64,61.4,True,True
TECHM,2026-07-30,False,0.494,26.9,1679.4,1666.65,STOP_LOSS,-0.76,-1.0,False,False,1.18,72.9,False,True
TECHM,2026-08-05,True,0.0,40.8,1663.0,1654.85,STOP_LOSS,-0.49,-1.0,False,False,3.6,63.6,True,True
TECHM,2026-08-07,False,0.738,97.4,1676.5,1663.54,STOP_LOSS,-0.77,-1.0,False,False,0.8,37.2,False,False
TECHM,2026-08-10,False,0.927,83.5,1661.2,1655.35,STOP_LOSS,-0.35,-1.0,False,False,1.89,75.8,True,True
TECHM,2026-08-13,False,0.583,100.0,1647.4,1642.04,STOP_LOSS,-0.33,-1.0,False,False,0.4,71.0,False,True
TECHM,2026-08-21,False,0.303,19.0,1600.1,1595.1,STOP_LOSS,-0.31,-1.0,False,False,1.14,90.3,False,True
TECHM,2026-08-24,True,0.223,50.4,1598.3,1590.26,STOP_LOSS,-0.5,-1.0,False,False,1.58,65.7,False,True
TECHM,2026-08-27,False,0.733,43.7,1597.8,1586.95,STOP_LOSS,-0.68,-1.0,False,False,1.47,60.9,False,True
TECHM,2026-08-28,True,0.126,81.3,1640.6,1629.29,STOP_LOSS,-0.69,-1.0,False,False,2.28,76.0,True,True
TECHM,2026-09-01,True,0.123,8.4,1635.9,1635.9,STOP_LOSS,0.0,-1.0,False,False,1.68,34.5,True,False
TECHM,2026-09-08,True,0.034,26.7,1568.8,1553.57,STOP_LOSS,-0.97,-1.0,False,False,2.03,90.2,True,True
TECHM,2026-09-10,True,0.033,62.2,1540.1,1527.5,STOP_LOSS,-0.82,-1.0,False,False,3.58,91.3,True,True
TECHM,2026-09-11,True,0.188,75.1,1548.5,1540.49,STOP_LOSS,-0.52,-1.0,False,False,3.76,82.3,True,True
TECHM,2026-09-21,True,0.004,20.8,1543.0,1558.5,EOD_PROFIT,1.0,1.48,False,False,1.04,70.4,False,True
PERSISTENT,2026-07-07,False,0.466,62.0,4807.8,4884.98,TARGET_2,1.61,2.5,True,True,0.21,46.7,False,False
PERSISTENT,2026-07-13,False,0.745,6.9,5060.2,5156.07,TARGET_2,1.89,2.5,True,True,0.79,92.1,False,True
PERSISTENT,2026-07-16,True,0.266,34.5,5166.6,5166.6,STOP_LOSS,0.0,-1.0,False,False,0.4,56.2,False,True
PERSISTENT,2026-07-21,True,0.185,86.3,5297.0,5272.99,STOP_LOSS,-0.45,-1.0,False,False,4.39,75.5,True,True
PERSISTENT,2026-07-24,False,0.671,91.9,5124.5,5078.37,STOP_LOSS,-0.9,-1.0,False,False,1.5,87.8,False,True
PERSISTENT,2026-07-27,False,1.244,46.7,5314.6,5287.68,STOP_LOSS,-0.51,-1.0,False,False,2.58,90.9,True,True
PERSISTENT,2026-07-28,True,0.183,64.0,5460.1,5460.1,STOP_LOSS,0.0,-1.0,False,False,1.84,38.4,True,False
PERSISTENT,2026-07-29,True,0.087,15.7,5566.0,5532.03,STOP_LOSS,-0.61,-1.0,False,False,0.72,26.4,False,False
PERSISTENT,2026-07-30,False,0.768,83.1,5632.0,5632.0,STOP_LOSS,0.0,-1.0,False,False,1.12,85.2,False,True
PERSISTENT,2026-08-05,True,0.239,1.3,5551.5,5522.45,STOP_LOSS,-0.52,-1.0,False,False,1.72,70.0,True,True
PERSISTENT,2026-08-07,False,0.664,95.0,5558.0,5533.24,STOP_LOSS,-0.45,-1.0,False,False,1.13,22.4,False,False
PERSISTENT,2026-08-10,False,0.551,45.6,5526.5,5505.25,STOP_LOSS,-0.38,-1.0,False,False,2.94,47.4,True,False
PERSISTENT,2026-08-11,True,0.149,64.9,5532.0,5506.83,STOP_LOSS,-0.45,-1.0,False,False,1.77,80.4,True,True
PERSISTENT,2026-08-13,True,0.25,80.2,5505.0,5483.27,STOP_LOSS,-0.39,-1.0,False,False,2.45,92.3,True,True
PERSISTENT,2026-08-20,True,0.184,74.2,5617.5,5674.0,EOD_PROFIT,1.01,1.4,False,False,1.21,91.1,False,True
PERSISTENT,2026-08-21,False,0.612,81.4,5718.5,5661.31,STOP_LOSS,-1.0,-1.0,False,False,5.14,81.8,True,True
PERSISTENT,2026-08-24,True,0.065,43.8,5716.5,5684.75,STOP_LOSS,-0.56,-1.0,False,False,1.48,100.0,False,True
PERSISTENT,2026-08-28,True,0.112,77.7,5791.0,5850.83,TARGET_2,1.03,2.5,True,True,3.11,18.2,True,False
PERSISTENT,2026-09-01,False,1.508,72.9,5737.5,5800.0,EOD_PROFIT,1.09,1.15,False,False,4.28,85.1,True,True
PERSISTENT,2026-09-08,False,0.282,45.3,5567.5,5535.5,STOP_LOSS,-0.57,-1.0,False,False,2.12,66.1,True,True
PERSISTENT,2026-09-10,True,0.052,74.8,5495.0,5458.95,STOP_LOSS,-0.66,-1.0,False,False,2.08,52.2,True,False
PERSISTENT,2026-09-11,False,0.492,85.6,5516.0,5492.64,STOP_LOSS,-0.42,-1.0,False,False,0.59,72.1,False,True
PERSISTENT,2026-09-17,True,0.156,89.2,5457.0,5430.97,STOP_LOSS,-0.48,-1.0,False,False,1.7,35.3,True,False
PERSISTENT,2026-09-21,True,0.276,36.7,5438.5,5406.5,STOP_LOSS,-0.59,-1.0,False,False,2.19,79.3,True,True
PERSISTENT,2026-09-24,False,0.898,83.4,5336.0,5294.18,STOP_LOSS,-0.78,-1.0,False,False,0.52,55.6,False,True
PERSISTENT,2026-09-25,True,0.038,50.9,5316.0,5293.11,STOP_LOSS,-0.43,-1.0,False,False,0.76,2.4,False,False
COFORGE,2026-07-13,True,0.111,71.3,1509.2,1546.93,TARGET_2,2.5,2.5,True,True,3.01,71.1,True,True
COFORGE,2026-07-21,True,0.137,96.8,1528.0,1521.44,STOP_LOSS,-0.43,-1.0,False,False,0.95,90.9,False,True
COFORGE,2026-07-27,False,1.099,29.9,1514.9,1528.4,EOD_PROFIT,0.89,1.09,False,False,1.13,74.5,False,True
COFORGE,2026-07-29,False,2.01,61.8,1750.5,1736.35,STOP_LOSS,-0.81,-1.0,False,False,2.21,70.9,True,True
COFORGE,2026-07-30,False,0.975,83.8,1754.0,1740.02,STOP_LOSS,-0.8,-1.0,False,False,1.3,79.3,False,True
COFORGE,2026-08-05,True,0.11,57.8,1767.0,1767.0,STOP_LOSS,0.0,-1.0,False,False,0.42,71.4,False,True
COFORGE,2026-08-07,True,0.251,83.0,1800.0,1791.97,STOP_LOSS,-0.45,-1.0,False,False,0.87,49.2,False,False
COFORGE,2026-08-10,False,0.428,74.8,1816.9,1805.1,STOP_LOSS,-0.65,-1.0,False,False,4.63,63.3,True,True
COFORGE,2026-08-13,True,0.15,89.1,1813.7,1806.38,STOP_LOSS,-0.4,-1.0,False,False,1.16,21.6,False,False
COFORGE,2026-08-19,True,0.146,58.4,1815.0,1803.39,STOP_LOSS,-0.64,-1.0,False,False,8.89,55.4,True,True
COFORGE,2026-08-20,False,0.336,57.1,1852.6,1879.6,TARGET_2,1.46,2.5,True,True,6.84,100.0,True,True
COFORGE,2026-08-24,False,0.708,54.7,1893.2,1885.5,STOP_LOSS,-0.41,-1.0,False,False,3.18,35.8,True,False
COFORGE,2026-08-28,True,0.23,97.8,1977.7,1963.94,STOP_LOSS,-0.7,-1.0,False,False,1.71,74.8,True,True
COFORGE,2026-09-08,True,0.157,80.6,1945.5,1926.05,STOP_LOSS,-1.0,-1.0,False,False,1.41,91.7,False,True
COFORGE,2026-09-10,False,0.552,9.8,1851.8,1877.75,TARGET_2,1.4,2.5,True,True,1.97,65.6,True,True
TATASTEEL,2026-07-10,True,0.089,43.2,190.63,192.18,TARGET_2,0.81,2.5,True,True,2.39,79.1,True,True
TATASTEEL,2026-07-14,True,0.012,86.2,189.15,188.45,STOP_LOSS,-0.37,-1.0,False,False,3.42,69.1,True,True
TATASTEEL,2026-07-20,False,0.315,96.4,187.13,186.35,STOP_LOSS,-0.42,-1.0,False,False,2.48,95.3,True,True
TATASTEEL,2026-07-29,True,0.265,63.4,184.78,187.08,TARGET_2,1.24,2.5,True,True,1.29,86.6,False,True
TATASTEEL,2026-08-10,True,0.215,75.0,189.96,190.24,EOD_PROFIT,0.15,0.27,False,False,2.39,52.0,True,False
TATASTEEL,2026-08-20,True,0.147,81.4,185.42,184.71,STOP_LOSS,-0.38,-1.0,False,False,2.14,37.3,True,False
TATASTEEL,2026-08-21,False,0.281,25.6,184.71,184.05,STOP_LOSS,-0.36,-1.0,False,False,1.74,62.5,True,True
TATASTEEL,2026-08-24,True,0.198,13.6,185.61,186.3,EOD_PROFIT,0.37,0.49,False,False,2.35,84.5,True,True
TATASTEEL,2026-08-27,False,0.37,29.5,189.77,188.88,STOP_LOSS,-0.47,-1.0,False,False,2.53,86.6,True,True
TATASTEEL,2026-09-01,False,0.308,1.4,186.65,184.78,STOP_LOSS,-1.0,-1.0,False,False,17.52,77.9,True,True
TATASTEEL,2026-09-09,False,0.334,35.7,185.73,184.68,STOP_LOSS,-0.57,-1.0,False,False,5.21,89.0,True,True
TATASTEEL,2026-09-17,True,0.057,55.4,184.67,183.71,STOP_LOSS,-0.52,-1.0,False,False,2.94,85.3,True,True
TATASTEEL,2026-09-18,False,0.398,65.4,187.56,186.49,STOP_LOSS,-0.57,-1.0,False,False,2.88,63.6,True,True
TATASTEEL,2026-09-23,True,0.247,68.8,187.38,189.23,TARGET_2,0.99,2.5,True,True,2.36,47.4,True,False
TATASTEEL,2026-09-24,False,0.894,90.0,190.76,189.53,STOP_LOSS,-0.64,-1.0,False,False,0.99,72.4,False,True
TATASTEEL,2026-09-25,False,0.615,42.0,190.07,189.07,STOP_LOSS,-0.53,-1.0,False,False,5.24,90.0,True,True
JSWSTEEL,2026-07-07,False,0.396,96.2,1241.1,1237.6,EOD_LOSS,-0.28,-0.36,False,False,1.96,43.2,True,False
JSWSTEEL,2026-07-08,True,0.016,52.7,1241.4,1234.8,STOP_LOSS,-0.53,-1.0,False,False,1.34,90.6,False,True
JSWSTEEL,2026-07-10,True,0.163,83.2,1247.6,1258.77,TARGET_2,0.9,2.5,True,True,2.17,46.2,True,False
JSWSTEEL,2026-07-14,False,0.387,93.0,1250.7,1244.61,STOP_LOSS,-0.49,-1.0,False,False,1.66,85.7,True,True
JSWSTEEL,2026-07-17,False,0.319,83.0,1231.3,1226.94,STOP_LOSS,-0.35,-1.0,False,False,4.51,53.2,True,False
JSWSTEEL,2026-07-20,True,0.019,39.0,1259.9,1254.97,STOP_LOSS,-0.39,-1.0,False,False,4.16,41.9,True,False
JSWSTEEL,2026-07-21,True,0.098,79.6,1266.5,1262.76,STOP_LOSS,-0.3,-1.0,False,False,0.91,16.7,False,False
JSWSTEEL,2026-07-22,True,0.14,1.6,1271.5,1264.95,STOP_LOSS,-0.52,-1.0,False,False,0.32,72.5,False,True
JSWSTEEL,2026-07-23,True,0.192,72.3,1272.9,1266.73,STOP_LOSS,-0.48,-1.0,False,False,0.31,46.3,False,False
JSWSTEEL,2026-07-28,False,0.378,56.5,1251.4,1251.4,STOP_LOSS,0.0,-1.0,False,False,0.37,7.7,False,False
JSWSTEEL,2026-07-29,False,0.285,40.2,1265.6,1275.0,EOD_PROFIT,0.74,1.31,False,False,4.17,71.2,True,True
JSWSTEEL,2026-08-04,False,0.568,75.2,1289.3,1282.38,STOP_LOSS,-0.54,-1.0,False,False,0.87,100.0,False,True
JSWSTEEL,2026-08-05,False,0.593,19.4,1302.4,1313.9,TARGET_2,0.88,2.5,True,True,0.33,60.0,False,True
JSWSTEEL,2026-08-10,True,0.013,40.9,1307.3,1301.54,STOP_LOSS,-0.44,-1.0,False,False,1.29,95.7,False,True
JSWSTEEL,2026-08-19,False,0.396,62.7,1277.8,1285.8,EOD_PROFIT,0.63,0.92,False,False,6.52,84.8,True,True
JSWSTEEL,2026-08-20,False,0.618,55.1,1299.5,1291.7,STOP_LOSS,-0.6,-1.0,False,False,2.01,100.0,True,True
JSWSTEEL,2026-08-24,True,0.269,1.3,1306.5,1320.12,TARGET_2,1.04,2.5,True,True,2.15,83.3,True,True
JSWSTEEL,2026-09-01,True,0.275,47.0,1321.9,1316.97,STOP_LOSS,-0.37,-1.0,False,False,3.21,73.8,True,True
JSWSTEEL,2026-09-03,True,0.084,98.2,1324.4,1319.64,STOP_LOSS,-0.36,-1.0,False,False,0.82,70.0,False,True
JSWSTEEL,2026-09-09,False,0.415,12.8,1306.8,1298.9,STOP_LOSS,-0.6,-1.0,False,False,0.19,79.2,False,True
JSWSTEEL,2026-09-17,False,0.569,46.7,1254.9,1248.95,STOP_LOSS,-0.47,-1.0,False,False,16.36,94.2,True,True
JSWSTEEL,2026-09-18,True,0.2,60.2,1274.4,1268.65,STOP_LOSS,-0.45,-1.0,False,False,0.81,62.5,False,True
JSWSTEEL,2026-09-23,True,0.173,98.1,1286.6,1281.31,STOP_LOSS,-0.41,-1.0,False,False,2.8,100.0,True,True
HINDALCO,2026-07-08,True,0.117,61.7,976.9,971.52,STOP_LOSS,-0.55,-1.0,False,False,6.04,84.6,True,True
HINDALCO,2026-07-10,True,0.187,12.5,979.65,975.5,STOP_LOSS,-0.42,-1.0,False,False,1.25,38.5,False,False
HINDALCO,2026-07-14,True,0.062,89.5,987.35,980.23,STOP_LOSS,-0.72,-1.0,False,False,2.65,97.8,True,True
HINDALCO,2026-07-16,False,0.729,36.4,969.0,965.12,STOP_LOSS,-0.4,-1.0,False,False,1.69,57.4,True,True
HINDALCO,2026-07-29,True,0.089,3.4,946.8,956.72,TARGET_2,1.05,2.5,True,True,2.61,96.4,True,True
HINDALCO,2026-07-31,True,0.262,1.7,984.75,979.7,STOP_LOSS,-0.51,-1.0,False,False,2.23,77.4,True,True
HINDALCO,2026-08-04,False,0.446,63.9,1009.1,1003.15,STOP_LOSS,-0.59,-1.0,False,False,1.41,14.1,False,False
HINDALCO,2026-08-07,True,0.173,91.0,1032.55,1032.55,STOP_LOSS,0.0,-1.0,False,False,1.84,65.4,True,True
HINDALCO,2026-08-11,True,0.158,22.8,1068.15,1059.26,STOP_LOSS,-0.83,-1.0,False,False,5.85,97.1,True,True
HINDALCO,2026-08-21,True,0.019,78.4,1039.4,1033.76,STOP_LOSS,-0.54,-1.0,False,False,1.05,86.1,False,True
HINDALCO,2026-08-24,True,0.024,12.1,1057.25,1052.12,STOP_LOSS,-0.49,-1.0,False,False,0.4,66.7,False,True
HINDALCO,2026-08-26,True,0.056,29.4,1050.8,1046.81,STOP_LOSS,-0.38,-1.0,False,False,0.67,94.4,False,True
HINDALCO,2026-09-01,True,0.097,84.8,1031.7,1027.81,STOP_LOSS,-0.38,-1.0,False,False,1.55,51.3,False,False
HINDALCO,2026-09-03,False,0.281,10.3,1020.4,1015.92,STOP_LOSS,-0.44,-1.0,False,False,3.38,85.1,True,True
HINDALCO,2026-09-08,True,0.096,22.0,1022.0,1016.58,STOP_LOSS,-0.53,-1.0,False,False,1.45,100.0,False,True
HINDALCO,2026-09-09,False,0.464,42.2,1019.5,1027.5,TARGET_2,0.78,2.5,True,True,0.84,50.0,False,False
HINDALCO,2026-09-16,False,0.739,46.7,970.4,972.7,EOD_PROFIT,0.24,0.38,False,False,0.47,60.0,False,True
HINDALCO,2026-09-17,True,0.271,84.4,980.2,980.5,EOD_PROFIT,0.03,0.06,False,False,1.39,66.7,False,True
HINDALCO,2026-09-18,True,0.102,6.3,991.5,986.3,STOP_LOSS,-0.52,-1.0,False,False,0.78,79.6,False,True
HINDALCO,2026-09-23,True,0.178,39.3,987.0,994.62,TARGET_2,0.77,2.5,True,True,1.81,73.9,True,True
JINDALSTEL,2026-07-08,True,0.058,63.8,1039.3,1039.3,STOP_LOSS,0.0,-1.0,False,False,1.83,69.4,True,True
JINDALSTEL,2026-07-10,True,0.061,52.1,1051.6,1061.37,TARGET_2,0.93,2.5,True,True,1.21,51.5,False,False
JINDALSTEL,2026-07-14,True,0.071,85.4,1044.6,1040.55,STOP_LOSS,-0.39,-1.0,False,False,1.77,88.0,True,True
JINDALSTEL,2026-07-15,True,0.109,56.3,1046.9,1042.55,STOP_LOSS,-0.42,-1.0,False,False,1.67,83.3,True,True
JINDALSTEL,2026-07-20,True,0.169,50.5,1033.0,1033.0,STOP_LOSS,0.0,-1.0,False,False,3.15,59.1,True,True
JINDALSTEL,2026-07-22,False,0.387,82.7,1050.3,1045.85,STOP_LOSS,-0.42,-1.0,False,False,2.29,82.9,True,True
JINDALSTEL,2026-07-27,True,0.235,41.1,1057.6,1066.0,EOD_PROFIT,0.79,0.93,False,False,0.78,83.3,False,True
JINDALSTEL,2026-07-29,False,0.387,53.1,1069.3,1088.17,TARGET_2,1.76,2.5,True,True,1.91,94.0,True,True
JINDALSTEL,2026-07-30,False,0.712,61.5,1100.4,1092.47,STOP_LOSS,-0.72,-1.0,False,False,5.04,82.6,True,True
JINDALSTEL,2026-07-31,True,0.049,48.2,1109.2,1102.9,STOP_LOSS,-0.57,-1.0,False,False,3.57,79.2,True,True
JINDALSTEL,2026-08-04,False,0.665,82.6,1120.7,1113.56,STOP_LOSS,-0.64,-1.0,False,False,4.45,84.6,True,True
JINDALSTEL,2026-08-10,True,0.233,70.8,1114.5,1110.5,STOP_LOSS,-0.36,-1.0,False,False,1.42,87.2,False,True
JINDALSTEL,2026-08-17,True,0.262,0.0,1096.1,1103.35,TARGET_2,0.66,2.5,True,True,4.32,58.3,True,True
JINDALSTEL,2026-08-19,False,0.515,66.2,1118.3,1115.0,EOD_LOSS,-0.3,-0.33,False,False,5.56,96.1,True,True
JINDALSTEL,2026-08-20,False,0.399,91.3,1121.6,1117.75,STOP_LOSS,-0.34,-1.0,False,False,3.14,54.8,True,False
JINDALSTEL,2026-08-21,False,0.359,74.5,1131.4,1127.2,STOP_LOSS,-0.37,-1.0,False,False,1.48,88.9,False,True
JINDALSTEL,2026-08-24,True,0.015,29.9,1139.3,1134.47,STOP_LOSS,-0.42,-1.0,False,False,1.0,79.5,False,True
JINDALSTEL,2026-08-26,False,0.316,84.7,1155.4,1168.4,TARGET_2,1.13,2.5,True,True,0.79,79.2,False,True
JINDALSTEL,2026-08-27,False,0.642,5.0,1186.9,1186.9,STOP_LOSS,0.0,-1.0,False,False,1.95,100.0,True,True
JINDALSTEL,2026-09-02,True,0.08,6.8,1162.6,1152.03,STOP_LOSS,-0.91,-1.0,False,False,0.94,34.8,False,False
JINDALSTEL,2026-09-09,False,0.397,25.8,1143.5,1146.5,EOD_PROFIT,0.26,0.43,False,False,1.44,61.5,False,True
JINDALSTEL,2026-09-16,False,0.482,70.3,1105.0,1103.0,EOD_LOSS,-0.18,-0.18,False,False,3.63,92.2,True,True
JINDALSTEL,2026-09-17,True,0.127,83.5,1121.5,1128.4,EOD_PROFIT,0.62,1.38,False,False,2.06,97.6,True,True
JINDALSTEL,2026-09-21,False,0.601,57.5,1141.5,1137.15,STOP_LOSS,-0.38,-1.0,False,False,0.58,55.6,False,True
JINDALSTEL,2026-09-22,False,0.376,98.3,1140.0,1135.45,STOP_LOSS,-0.4,-1.0,False,False,12.35,80.0,True,True
JINDALSTEL,2026-09-23,True,0.111,71.1,1159.9,1155.17,STOP_LOSS,-0.41,-1.0,False,False,1.93,85.4,True,True
JINDALSTEL,2026-09-25,False,0.313,42.6,1163.7,1156.74,STOP_LOSS,-0.6,-1.0,False,False,2.21,95.1,True,True
VEDL,2026-07-08,False,0.842,80.0,278.4,275.62,STOP_LOSS,-1.0,-1.0,False,False,1.61,69.7,True,True
VEDL,2026-07-10,True,0.251,28.6,275.85,274.3,STOP_LOSS,-0.56,-1.0,False,False,1.49,37.0,False,False
VEDL,2026-07-14,True,0.062,22.9,270.55,269.55,STOP_LOSS,-0.37,-1.0,False,False,1.42,83.3,False,True
VEDL,2026-07-20,True,0.276,95.6,257.6,259.7,TARGET_2,0.82,2.5,True,True,1.69,5.0,True,False
VEDL,2026-07-23,False,0.317,96.8,266.6,266.6,STOP_LOSS,0.0,-1.0,False,False,2.24,25.7,True,False
VEDL,2026-07-27,False,0.468,31.4,267.55,266.18,STOP_LOSS,-0.51,-1.0,False,False,1.3,46.2,False,False
VEDL,2026-07-29,False,0.765,45.2,263.2,264.5,EOD_PROFIT,0.49,0.86,False,False,1.66,88.2,True,True
VEDL,2026-08-10,False,0.838,29.1,281.4,285.57,TARGET_2,1.48,2.5,True,True,1.28,100.0,False,True
VEDL,2026-08-20,True,0.07,20.0,269.5,267.62,STOP_LOSS,-0.7,-1.0,False,False,3.04,87.0,True,True
VEDL,2026-08-26,True,0.012,68.9,279.45,279.45,STOP_LOSS,0.0,-1.0,False,False,3.43,32.0,True,False
VEDL,2026-08-28,False,0.928,57.8,289.3,286.63,STOP_LOSS,-0.92,-1.0,False,False,11.3,98.1,True,True
VEDL,2026-09-08,False,0.403,68.9,272.5,271.38,STOP_LOSS,-0.41,-1.0,False,False,2.39,82.9,True,True
VEDL,2026-09-09,True,0.215,65.0,273.5,272.5,EOD_LOSS,-0.37,-0.5,False,False,3.33,100.0,True,True
VEDL,2026-09-17,True,0.235,93.3,257.0,256.07,STOP_LOSS,-0.36,-1.0,False,False,0.7,28.6,False,False
VEDL,2026-09-18,False,0.416,0.0,261.2,264.82,TARGET_2,1.39,2.5,True,True,2.94,78.3,True,True
VEDL,2026-09-22,True,0.249,28.2,262.45,261.43,STOP_LOSS,-0.39,-1.0,False,False,2.52,72.7,True,True
VEDL,2026-09-23,True,0.216,91.8,268.2,266.79,STOP_LOSS,-0.53,-1.0,False,False,2.5,84.6,True,True
HDFCBANK,2026-07-10,True,0.024,14.7,825.9,824.95,EOD_LOSS,-0.12,-0.3,False,False,1.13,100.0,False,True
HDFCBANK,2026-07-15,False,0.339,65.9,817.7,813.56,STOP_LOSS,-0.51,-1.0,False,False,1.35,71.0,False,True
HDFCBANK,2026-07-17,True,0.28,63.0,814.65,821.22,TARGET_2,0.81,2.5,True,True,0.86,91.3,False,True
HDFCBANK,2026-07-29,True,0.05,54.5,746.75,748.3,EOD_PROFIT,0.21,0.68,False,False,1.97,16.7,True,False
HDFCBANK,2026-08-03,False,0.386,50.0,753.75,753.75,STOP_LOSS,0.0,-1.0,False,False,0.73,75.0,False,True
HDFCBANK,2026-08-10,True,0.112,60.0,734.3,731.25,STOP_LOSS,-0.42,-1.0,False,False,1.65,96.0,True,True
HDFCBANK,2026-08-13,True,0.248,14.0,728.35,726.12,STOP_LOSS,-0.31,-1.0,False,False,1.36,31.6,False,False
HDFCBANK,2026-08-14,True,0.17,32.8,727.0,727.0,EOD_LOSS,0.0,0.0,False,False,0.89,45.5,False,False
HDFCBANK,2026-08-21,True,0.133,47.1,730.4,728.35,STOP_LOSS,-0.28,-1.0,False,False,1.57,64.7,False,True
HDFCBANK,2026-09-03,True,0.164,41.9,712.05,708.03,STOP_LOSS,-0.56,-1.0,False,False,1.78,64.1,True,True
HDFCBANK,2026-09-04,True,0.205,2.0,712.15,716.02,TARGET_2,0.54,2.5,True,True,3.77,43.8,True,False
HDFCBANK,2026-09-18,False,0.294,3.2,720.5,728.12,TARGET_2,1.06,2.5,True,True,1.67,86.6,True,True
HDFCBANK,2026-09-21,False,0.587,77.8,738.6,739.5,EOD_PROFIT,0.12,0.23,False,False,1.67,88.6,True,True
HDFCBANK,2026-09-22,False,0.326,85.3,748.25,745.38,STOP_LOSS,-0.38,-1.0,False,False,1.01,53.8,False,False
HDFCBANK,2026-09-25,True,0.137,72.4,731.05,737.67,TARGET_2,0.91,2.5,True,True,1.01,78.4,False,True
ICICIBANK,2026-07-09,False,0.779,85.4,1398.9,1393.9,STOP_LOSS,-0.36,-1.0,False,False,0.47,81.0,False,True
ICICIBANK,2026-07-10,False,0.327,95.7,1404.5,1399.9,STOP_LOSS,-0.33,-1.0,False,False,1.83,40.0,True,False
ICICIBANK,2026-07-13,True,0.021,58.2,1401.6,1406.8,EOD_PROFIT,0.37,0.68,False,False,0.81,63.3,False,True
ICICIBANK,2026-07-14,False,0.347,18.0,1405.7,1406.0,EOD_PROFIT,0.02,0.04,False,False,0.93,72.0,False,True
ICICIBANK,2026-07-15,True,0.197,66.9,1427.6,1421.37,STOP_LOSS,-0.44,-1.0,False,False,1.25,89.7,False,True
ICICIBANK,2026-07-17,True,0.141,74.1,1431.9,1431.9,STOP_LOSS,0.0,-1.0,False,False,1.11,57.9,False,True
ICICIBANK,2026-08-03,True,0.142,23.1,1447.7,1460.0,EOD_PROFIT,0.85,2.05,True,False,0.85,82.1,False,True
ICICIBANK,2026-08-06,False,0.346,42.3,1456.3,1452.15,STOP_LOSS,-0.28,-1.0,False,False,0.57,31.6,False,False
ICICIBANK,2026-08-12,False,0.33,20.3,1433.0,1426.72,STOP_LOSS,-0.44,-1.0,False,False,0.45,90.0,False,True
ICICIBANK,2026-08-20,True,0.055,29.2,1412.3,1408.35,STOP_LOSS,-0.28,-1.0,False,False,1.22,100.0,False,True
ICICIBANK,2026-08-21,True,0.135,1.9,1417.0,1420.0,EOD_PROFIT,0.21,1.05,False,False,1.42,51.3,False,False
ICICIBANK,2026-08-24,True,0.2,18.6,1424.4,1420.75,STOP_LOSS,-0.26,-1.0,False,False,0.67,37.5,False,False
ICICIBANK,2026-08-25,True,0.101,60.2,1419.2,1415.0,STOP_LOSS,-0.3,-1.0,False,False,1.27,38.7,False,False
ICICIBANK,2026-08-27,True,0.246,1.3,1441.0,1450.88,TARGET_2,0.69,2.5,True,True,1.32,70.5,False,True
ICICIBANK,2026-09-03,True,0.063,48.5,1450.0,1443.87,STOP_LOSS,-0.42,-1.0,False,False,0.82,87.5,False,True
ICICIBANK,2026-09-07,False,0.327,20.6,1433.0,1426.75,STOP_LOSS,-0.44,-1.0,False,False,1.07,94.4,False,True
ICICIBANK,2026-09-17,True,0.202,29.3,1361.0,1353.95,STOP_LOSS,-0.52,-1.0,False,False,2.49,98.0,True,True
ICICIBANK,2026-09-24,True,0.042,30.1,1347.1,1337.82,STOP_LOSS,-0.69,-1.0,False,False,1.19,83.9,False,True
SBIN,2026-07-09,False,0.424,45.5,1025.5,1025.5,STOP_LOSS,0.0,-1.0,False,False,1.05,50.0,False,False
SBIN,2026-07-13,True,0.019,68.5,1036.2,1036.7,EOD_PROFIT,0.05,0.08,False,False,2.98,76.2,True,True
SBIN,2026-07-15,False,0.592,77.5,1029.4,1024.16,STOP_LOSS,-0.51,-1.0,False,False,2.13,52.3,True,False
SBIN,2026-07-16,False,0.386,52.5,1032.0,1032.0,STOP_LOSS,0.0,-1.0,False,False,4.81,90.0,True,True
SBIN,2026-07-17,True,0.045,75.0,1043.8,1038.56,STOP_LOSS,-0.5,-1.0,False,False,3.35,79.6,True,True
SBIN,2026-07-30,True,0.187,4.0,1016.5,1025.3,EOD_PROFIT,0.87,1.7,True,False,0.63,41.7,False,False
SBIN,2026-08-03,True,0.1,19.2,1040.5,1040.5,STOP_LOSS,0.0,-1.0,False,False,5.13,83.9,True,True
SBIN,2026-08-05,False,0.34,10.6,1047.2,1047.2,STOP_LOSS,0.0,-1.0,False,False,5.5,64.5,True,True
SBIN,2026-08-06,False,0.46,80.6,1063.5,1059.24,STOP_LOSS,-0.4,-1.0,False,False,1.19,73.3,False,True
SBIN,2026-08-07,False,0.911,53.3,1086.6,1082.11,STOP_LOSS,-0.41,-1.0,False,False,1.74,59.4,True,True
SBIN,2026-08-12,True,0.003,84.4,1082.0,1076.34,STOP_LOSS,-0.52,-1.0,False,False,0.74,40.7,False,False
SBIN,2026-08-13,False,0.377,28.8,1083.4,1078.94,STOP_LOSS,-0.41,-1.0,False,False,2.71,34.0,True,False
SBIN,2026-08-25,True,0.006,47.9,1039.6,1037.01,STOP_LOSS,-0.25,-1.0,False,False,1.83,40.7,True,False
SBIN,2026-08-28,False,0.363,42.4,1049.0,1044.1,STOP_LOSS,-0.47,-1.0,False,False,0.64,89.5,False,True
SBIN,2026-09-03,False,0.348,60.3,1035.7,1029.85,STOP_LOSS,-0.56,-1.0,False,False,3.62,88.9,True,True
SBIN,2026-09-09,True,0.089,0.0,1008.2,1001.9,STOP_LOSS,-0.62,-1.0,False,False,1.53,72.2,False,True
SBIN,2026-09-16,False,1.049,59.7,984.6,991.4,EOD_PROFIT,0.69,1.1,False,False,1.46,60.0,False,True
SBIN,2026-09-17,False,0.561,52.2,1000.0,995.36,STOP_LOSS,-0.46,-1.0,False,False,4.15,91.7,True,True
AXISBANK,2026-07-10,False,0.47,92.7,1318.8,1323.7,EOD_PROFIT,0.37,0.99,False,False,3.38,98.0,True,True
AXISBANK,2026-07-13,False,0.405,35.7,1326.0,1318.8,STOP_LOSS,-0.54,-1.0,False,False,2.31,83.9,True,True
AXISBANK,2026-07-15,False,0.363,79.2,1344.0,1336.87,STOP_LOSS,-0.53,-1.0,False,False,4.75,88.2,True,True
AXISBANK,2026-07-17,True,0.061,51.7,1318.7,1318.7,STOP_LOSS,0.0,-1.0,False,False,2.31,88.1,True,True
AXISBANK,2026-07-28,True,0.019,37.9,1232.5,1226.15,STOP_LOSS,-0.52,-1.0,False,False,0.73,93.2,False,True
AXISBANK,2026-08-03,True,0.176,45.8,1245.4,1259.98,TARGET_2,1.17,2.5,True,True,1.57,83.3,False,True
AXISBANK,2026-08-17,True,0.203,69.6,1222.9,1222.9,STOP_LOSS,0.0,-1.0,False,False,1.43,12.9,False,False
AXISBANK,2026-08-18,True,0.163,95.9,1235.5,1246.72,TARGET_2,0.91,2.5,True,True,2.04,84.0,True,True
AXISBANK,2026-08-20,True,0.105,98.7,1247.3,1251.0,EOD_PROFIT,0.3,0.71,False,False,1.33,100.0,False,True
AXISBANK,2026-08-21,False,0.307,20.3,1254.0,1248.85,STOP_LOSS,-0.41,-1.0,False,False,1.27,90.9,False,True
AXISBANK,2026-08-26,True,0.011,82.8,1252.9,1255.0,EOD_PROFIT,0.17,0.25,False,False,17.82,87.1,True,True
AXISBANK,2026-08-27,False,0.328,6.9,1261.0,1255.0,STOP_LOSS,-0.48,-1.0,False,False,1.35,97.3,False,True
AXISBANK,2026-08-28,True,0.212,52.8,1261.6,1265.0,EOD_PROFIT,0.27,0.42,False,False,6.19,94.4,True,True
AXISBANK,2026-09-03,True,0.241,45.4,1274.4,1268.46,STOP_LOSS,-0.47,-1.0,False,False,1.69,93.7,True,True
AXISBANK,2026-09-10,False,0.407,80.2,1253.6,1248.35,STOP_LOSS,-0.42,-1.0,False,False,1.25,88.6,False,True
AXISBANK,2026-09-16,False,0.741,31.1,1238.4,1241.0,EOD_PROFIT,0.21,0.32,False,False,0.78,93.2,False,True
AXISBANK,2026-09-17,True,0.148,86.1,1251.2,1245.57,STOP_LOSS,-0.45,-1.0,False,False,3.33,84.1,True,True
AXISBANK,2026-09-22,True,0.099,53.2,1251.0,1247.9,STOP_LOSS,-0.25,-1.0,False,False,1.24,33.3,False,False
AXISBANK,2026-09-23,True,0.276,11.1,1250.4,1244.65,STOP_LOSS,-0.46,-1.0,False,False,3.29,78.3,True,True
AXISBANK,2026-09-25,False,0.553,49.2,1199.9,1195.65,STOP_LOSS,-0.35,-1.0,False,False,2.36,97.2,True,True
BAJFINANCE,2026-07-07,True,0.236,31.9,1036.4,1052.78,TARGET_2,1.58,2.5,True,True,1.08,44.7,False,False
BAJFINANCE,2026-07-15,True,0.219,86.4,1035.8,1030.36,STOP_LOSS,-0.53,-1.0,False,False,0.79,78.1,False,True
BAJFINANCE,2026-07-16,True,0.147,49.2,1032.7,1037.6,EOD_PROFIT,0.47,0.88,False,False,2.92,81.4,True,True
BAJFINANCE,2026-07-17,False,0.364,35.2,1051.4,1056.3,EOD_PROFIT,0.47,0.66,False,False,3.12,70.1,True,True
BAJFINANCE,2026-07-21,False,0.697,50.8,1070.4,1069.2,EOD_LOSS,-0.11,-0.2,False,False,2.76,86.4,True,True
BAJFINANCE,2026-07-27,True,0.141,61.1,1039.7,1034.91,STOP_LOSS,-0.46,-1.0,False,False,0.95,86.5,False,True
BAJFINANCE,2026-07-31,False,0.332,76.7,1115.7,1134.8,TARGET_2,1.71,2.5,True,True,1.16,25.0,False,False
BAJFINANCE,2026-08-04,False,0.311,86.5,1159.1,1152.9,STOP_LOSS,-0.53,-1.0,False,False,1.38,97.7,False,True
BAJFINANCE,2026-08-06,True,0.184,9.8,1159.1,1152.04,STOP_LOSS,-0.61,-1.0,False,False,0.96,83.3,False,True
BAJFINANCE,2026-08-17,False,0.3,48.3,1092.8,1089.3,EOD_LOSS,-0.32,-0.34,False,False,1.24,84.2,False,True
BAJFINANCE,2026-08-18,True,0.0,41.7,1096.0,1091.4,STOP_LOSS,-0.42,-1.0,False,False,5.42,58.5,True,True
BAJFINANCE,2026-08-26,False,0.62,77.4,1094.8,1089.5,STOP_LOSS,-0.48,-1.0,False,False,1.85,93.8,True,True
BAJFINANCE,2026-09-04,True,0.13,43.2,1057.2,1053.5,STOP_LOSS,-0.35,-1.0,False,False,0.93,45.5,False,False
BAJFINANCE,2026-09-09,True,0.022,15.8,1054.7,1049.1,STOP_LOSS,-0.53,-1.0,False,False,1.68,23.8,True,False
BAJFINANCE,2026-09-17,False,0.426,91.2,1025.7,1021.41,STOP_LOSS,-0.42,-1.0,False,False,1.43,34.3,False,False
BAJFINANCE,2026-09-23,False,0.542,7.5,1036.5,1043.2,EOD_PROFIT,0.65,0.93,False,False,1.58,70.6,False,True
CHOLAFIN,2026-07-10,False,0.42,65.7,1824.8,1814.95,STOP_LOSS,-0.54,-1.0,False,False,1.7,23.5,True,False
CHOLAFIN,2026-07-13,True,0.154,1.0,1814.9,1810.9,EOD_LOSS,-0.22,-0.24,False,False,0.69,52.6,False,False
CHOLAFIN,2026-07-15,False,0.544,92.7,1816.3,1816.3,STOP_LOSS,0.0,-1.0,False,False,3.42,45.7,True,False
CHOLAFIN,2026-07-27,False,0.856,32.6,1778.6,1785.2,EOD_PROFIT,0.37,0.52,False,False,3.18,100.0,True,True
CHOLAFIN,2026-07-28,False,0.283,73.0,1793.1,1786.5,STOP_LOSS,-0.37,-1.0,False,False,1.32,44.3,False,False
CHOLAFIN,2026-07-31,False,0.326,100.0,1830.9,1847.0,EOD_PROFIT,0.88,1.05,False,False,2.54,69.3,True,True
CHOLAFIN,2026-08-06,True,0.274,66.9,1889.1,1910.47,TARGET_2,1.13,2.5,True,True,0.88,97.9,False,True
CHOLAFIN,2026-08-10,False,0.847,4.1,1890.7,1920.0,EOD_PROFIT,1.55,2.07,True,False,1.15,90.2,False,True
CHOLAFIN,2026-08-11,False,0.962,38.0,1911.9,1900.06,STOP_LOSS,-0.62,-1.0,False,False,1.08,100.0,False,True
CHOLAFIN,2026-08-20,False,0.354,45.1,1898.6,1890.2,STOP_LOSS,-0.44,-1.0,False,False,1.62,98.7,True,True
CHOLAFIN,2026-08-26,False,0.909,77.7,1918.4,1909.28,STOP_LOSS,-0.48,-1.0,False,False,1.72,51.8,True,False
CHOLAFIN,2026-09-04,True,0.267,81.9,1858.5,1851.23,STOP_LOSS,-0.39,-1.0,False,False,0.87,93.0,False,True
CHOLAFIN,2026-09-09,True,0.049,57.5,1829.0,1829.0,STOP_LOSS,0.0,-1.0,False,False,1.85,72.0,True,True
CHOLAFIN,2026-09-10,True,0.093,73.0,1837.5,1859.0,EOD_PROFIT,1.17,1.17,False,False,1.18,100.0,False,True
CHOLAFIN,2026-09-17,False,0.438,65.5,1785.9,1772.56,STOP_LOSS,-0.75,-1.0,False,False,1.57,79.9,False,True
CHOLAFIN,2026-09-23,False,0.336,61.7,1783.0,1775.44,STOP_LOSS,-0.42,-1.0,False,False,3.34,75.0,True,True
LT,2026-07-09,False,0.503,61.9,3943.9,3928.21,STOP_LOSS,-0.4,-1.0,False,False,1.32,37.4,False,False
LT,2026-07-10,False,0.379,93.0,3927.8,3945.8,EOD_PROFIT,0.46,1.53,True,False,1.01,59.7,False,True
LT,2026-07-17,True,0.042,29.2,3789.3,3820.93,TARGET_2,0.83,2.5,True,True,1.44,96.0,False,True
LT,2026-07-20,False,0.357,35.9,3831.0,3819.8,STOP_LOSS,-0.29,-1.0,False,False,1.15,64.9,False,True
LT,2026-07-23,True,0.123,55.7,3825.6,3806.27,STOP_LOSS,-0.51,-1.0,False,False,1.55,89.0,False,True
LT,2026-07-27,False,0.477,8.5,3833.6,3822.5,STOP_LOSS,-0.29,-1.0,False,False,1.13,96.6,False,True
LT,2026-07-29,True,0.264,60.4,3973.0,3949.13,STOP_LOSS,-0.6,-1.0,False,False,1.63,61.2,True,True
LT,2026-07-30,True,0.122,3.3,3946.0,3937.7,EOD_LOSS,-0.21,-0.26,False,False,0.9,90.9,False,True
LT,2026-08-04,False,0.515,39.3,4018.0,4018.0,STOP_LOSS,0.0,-1.0,False,False,3.64,78.9,True,True
LT,2026-08-05,False,0.423,67.1,4072.8,4055.15,STOP_LOSS,-0.43,-1.0,False,False,1.95,63.8,True,True
LT,2026-08-06,True,0.051,15.2,4066.8,4057.8,STOP_LOSS,-0.22,-1.0,False,False,0.87,61.7,False,True
LT,2026-08-10,True,0.165,60.0,4053.0,4080.0,EOD_PROFIT,0.67,1.69,True,False,1.81,83.0,True,True
LT,2026-08-13,True,0.05,16.7,4055.0,4070.7,EOD_PROFIT,0.39,0.42,False,False,3.71,71.3,True,True
LT,2026-09-03,True,0.023,48.3,4023.9,4000.61,STOP_LOSS,-0.58,-1.0,False,False,1.73,100.0,True,True
LT,2026-09-07,True,0.255,14.5,3986.5,3970.0,STOP_LOSS,-0.41,-1.0,False,False,2.09,94.0,True,True
LT,2026-09-17,False,0.45,79.8,3845.1,3829.9,STOP_LOSS,-0.4,-1.0,False,False,1.69,65.8,True,True
LT,2026-09-23,False,0.533,69.5,3912.7,3929.9,EOD_PROFIT,0.44,1.03,False,False,3.78,88.7,True,True
SIEMENS,2026-07-10,False,0.406,14.6,3510.2,3537.62,TARGET_2,0.78,2.5,True,True,2.48,32.4,True,False
SIEMENS,2026-07-14,True,0.184,78.8,3499.3,3464.31,STOP_LOSS,-1.0,-1.0,False,False,8.84,88.5,True,True
SIEMENS,2026-07-15,False,0.608,31.1,3557.6,3543.54,STOP_LOSS,-0.4,-1.0,False,False,2.17,58.7,True,True
SIEMENS,2026-07-16,True,0.216,12.9,3705.0,3797.63,TARGET_2,2.5,2.5,True,True,25.09,89.4,True,True
SIEMENS,2026-07-23,False,0.297,44.9,3689.9,3669.06,STOP_LOSS,-0.56,-1.0,False,False,1.88,65.8,True,True
SIEMENS,2026-07-24,False,0.393,0.0,3685.0,3701.5,EOD_PROFIT,0.45,0.45,False,False,1.79,85.6,True,True
SIEMENS,2026-07-31,False,0.68,77.2,3753.8,3807.48,TARGET_2,1.43,2.5,True,True,0.34,94.8,False,True
SIEMENS,2026-08-03,True,0.262,93.6,3803.6,3869.92,TARGET_2,1.74,2.5,True,True,2.11,79.9,True,True
SIEMENS,2026-08-04,False,1.607,63.5,3996.0,4072.05,TARGET_2,1.9,2.5,True,True,3.57,76.7,True,True
SIEMENS,2026-08-10,True,0.185,34.6,3953.0,3953.0,STOP_LOSS,0.0,-1.0,False,False,2.17,80.5,True,True
SIEMENS,2026-08-20,True,0.275,27.0,3950.8,3911.29,STOP_LOSS,-1.0,-1.0,False,False,8.02,93.7,True,True
SIEMENS,2026-08-24,True,0.025,91.6,4009.4,4063.05,TARGET_2,1.34,2.5,True,True,2.03,71.3,True,True
SIEMENS,2026-08-25,False,1.671,11.5,4107.3,4084.7,STOP_LOSS,-0.55,-1.0,False,False,3.1,76.7,True,True
SIEMENS,2026-08-27,False,0.483,3.5,4128.0,4095.05,STOP_LOSS,-0.8,-1.0,False,False,2.33,88.3,True,True
SIEMENS,2026-09-01,True,0.046,48.3,4037.5,4037.5,STOP_LOSS,0.0,-1.0,False,False,1.3,54.8,False,False
SIEMENS,2026-09-03,False,0.373,18.7,4084.0,4043.16,STOP_LOSS,-1.0,-1.0,False,False,2.14,79.2,True,True
SIEMENS,2026-09-08,False,0.416,4.7,3959.6,3951.3,EOD_LOSS,-0.21,-0.32,False,False,2.6,61.5,True,True
SIEMENS,2026-09-17,True,0.02,63.1,3793.8,3774.16,STOP_LOSS,-0.52,-1.0,False,False,0.77,65.5,False,True
SIEMENS,2026-09-21,False,1.175,71.4,3910.9,3887.0,EOD_LOSS,-0.61,-0.63,False,False,2.95,96.3,True,True
BEL,2026-07-10,True,0.074,36.1,411.0,415.0,TARGET_2,0.97,2.5,True,True,2.94,100.0,True,True
BEL,2026-07-15,True,0.232,50.0,411.85,411.85,STOP_LOSS,0.0,-1.0,False,False,1.43,100.0,False,True
BEL,2026-07-17,False,0.412,31.1,409.55,407.8,STOP_LOSS,-0.43,-1.0,False,False,1.29,80.0,False,True
BEL,2026-08-04,False,0.354,48.6,391.75,391.75,STOP_LOSS,0.0,-1.0,False,False,1.84,22.7,True,False
BEL,2026-08-06,True,0.176,95.9,393.8,393.8,STOP_LOSS,0.0,-1.0,False,False,1.08,67.9,False,True
BEL,2026-08-10,True,0.058,95.1,402.45,402.45,STOP_LOSS,0.0,-1.0,False,False,3.13,94.7,True,True
BEL,2026-08-13,False,0.487,52.9,405.65,408.97,TARGET_2,0.82,2.5,True,True,0.59,77.3,False,True
BEL,2026-08-17,True,0.069,17.8,413.15,411.44,STOP_LOSS,-0.41,-1.0,False,False,0.84,94.7,False,True
BEL,2026-08-20,True,0.053,97.3,411.9,410.93,STOP_LOSS,-0.24,-1.0,False,False,0.64,60.0,False,True
BEL,2026-08-21,True,0.008,56.2,411.85,415.23,TARGET_2,0.82,2.5,True,True,2.64,43.5,True,False
BEL,2026-08-27,False,0.44,43.6,412.4,410.34,STOP_LOSS,-0.5,-1.0,False,False,3.81,86.2,True,True
BEL,2026-09-03,True,0.099,30.2,407.6,407.6,STOP_LOSS,0.0,-1.0,False,False,3.09,45.5,True,False
BEL,2026-09-04,True,0.139,38.6,411.4,409.64,STOP_LOSS,-0.43,-1.0,False,False,2.49,77.4,True,True
BEL,2026-09-08,False,0.419,57.0,411.35,415.98,TARGET_2,1.13,2.5,True,True,2.47,60.6,True,True
BEL,2026-09-18,False,0.679,82.5,399.05,396.97,STOP_LOSS,-0.52,-1.0,False,False,5.18,79.2,True,True
BEL,2026-09-21,False,0.498,74.4,397.8,398.5,EOD_PROFIT,0.18,0.39,False,False,1.62,78.8,True,True
BEL,2026-09-23,True,0.042,14.3,398.95,397.8,STOP_LOSS,-0.29,-1.0,False,False,0.27,20.0,False,False
HAL,2026-07-08,True,0.12,12.2,4412.3,4387.95,STOP_LOSS,-0.55,-1.0,False,False,2.04,32.8,True,False
HAL,2026-07-09,True,0.078,10.2,4375.1,4347.35,STOP_LOSS,-0.63,-1.0,False,False,2.66,81.3,True,True
HAL,2026-07-13,False,0.77,91.5,4508.4,4516.4,EOD_PROFIT,0.18,0.2,False,False,3.38,88.1,True,True
HAL,2026-07-15,True,0.112,27.3,4473.1,4457.1,STOP_LOSS,-0.36,-1.0,False,False,0.57,77.0,False,True
HAL,2026-07-17,True,0.095,4.0,4466.5,4500.7,EOD_PROFIT,0.77,1.57,True,False,2.8,54.0,True,False
HAL,2026-07-20,False,0.484,7.5,4498.1,4482.95,STOP_LOSS,-0.34,-1.0,False,False,1.12,86.6,False,True
HAL,2026-07-22,False,0.796,67.4,4598.0,4571.4,STOP_LOSS,-0.58,-1.0,False,False,0.7,68.2,False,True
HAL,2026-07-23,False,0.335,5.7,4590.8,4569.2,STOP_LOSS,-0.47,-1.0,False,False,3.48,67.8,True,True
HAL,2026-07-27,True,0.272,24.4,4612.0,4612.0,STOP_LOSS,0.0,-1.0,False,False,2.97,79.6,True,True
HAL,2026-07-31,True,0.216,67.8,4645.0,4640.1,EOD_LOSS,-0.11,-0.19,False,False,0.9,93.2,False,True
HAL,2026-08-04,True,0.227,12.9,4690.1,4671.55,STOP_LOSS,-0.4,-1.0,False,False,0.67,49.7,False,False
HAL,2026-08-12,True,0.012,23.6,4917.5,4896.6,STOP_LOSS,-0.43,-1.0,False,False,1.34,68.4,False,True
HAL,2026-08-18,False,0.537,57.6,5102.4,5099.0,EOD_LOSS,-0.07,-0.14,False,False,0.47,84.8,False,True
HAL,2026-08-21,True,0.185,25.3,5020.2,5063.32,TARGET_2,0.86,2.5,True,True,0.61,48.5,False,False
HAL,2026-08-26,False,0.65,14.4,4910.8,4892.3,STOP_LOSS,-0.38,-1.0,False,False,9.72,45.8,True,False
HAL,2026-09-04,True,0.2,34.6,4901.0,4865.53,STOP_LOSS,-0.72,-1.0,False,False,1.33,83.1,False,True
HAL,2026-09-08,True,0.252,83.4,4987.6,5032.78,TARGET_2,0.91,2.5,True,True,1.92,46.7,True,False
HAL,2026-09-17,False,0.474,32.3,4755.0,4788.0,EOD_PROFIT,0.69,0.95,False,False,1.64,83.1,True,True
HAL,2026-09-23,False,0.385,82.5,4838.2,4815.65,STOP_LOSS,-0.47,-1.0,False,False,4.91,77.3,True,True
HAL,2026-09-24,True,0.144,6.0,4835.4,4803.63,STOP_LOSS,-0.66,-1.0,False,False,1.51,54.6,False,False
POLYCAB,2026-07-13,False,0.503,77.6,9328.0,9259.21,STOP_LOSS,-0.74,-1.0,False,False,1.71,80.4,True,True
POLYCAB,2026-07-14,True,0.134,67.6,9310.0,9402.5,TARGET_2,0.99,2.5,True,True,0.61,82.4,False,True
POLYCAB,2026-07-22,True,0.221,7.4,9011.0,9179.75,TARGET_2,1.87,2.5,True,True,4.65,96.3,True,True
POLYCAB,2026-07-23,False,0.351,22.6,9133.0,9063.35,STOP_LOSS,-0.76,-1.0,False,False,2.12,81.1,True,True
POLYCAB,2026-07-27,True,0.064,21.5,9039.0,9000.0,STOP_LOSS,-0.43,-1.0,False,False,2.34,54.2,True,False
POLYCAB,2026-07-28,True,0.133,25.4,9074.5,9121.5,EOD_PROFIT,0.52,1.09,False,False,3.65,55.4,True,True
POLYCAB,2026-07-31,False,0.379,39.5,9085.5,9099.0,EOD_PROFIT,0.15,0.23,False,False,0.52,100.0,False,True
POLYCAB,2026-08-05,True,0.164,30.1,9279.5,9236.15,STOP_LOSS,-0.47,-1.0,False,False,4.8,95.5,True,True
POLYCAB,2026-08-06,False,0.33,82.0,9288.0,9241.09,STOP_LOSS,-0.51,-1.0,False,False,2.27,72.5,True,True
POLYCAB,2026-08-10,True,0.159,52.7,9315.0,9290.5,EOD_LOSS,-0.26,-0.52,False,False,8.0,83.3,True,True
POLYCAB,2026-08-12,False,0.315,48.2,9190.5,9289.0,EOD_PROFIT,1.07,2.22,True,False,1.97,59.1,True,True
POLYCAB,2026-08-17,True,0.264,4.7,9311.5,9370.0,EOD_PROFIT,0.63,1.35,False,False,3.88,56.2,True,True
POLYCAB,2026-08-26,False,0.311,85.1,9131.0,9071.0,STOP_LOSS,-0.66,-1.0,False,False,7.16,87.4,True,True
POLYCAB,2026-08-28,True,0.232,17.6,9086.5,9058.25,STOP_LOSS,-0.31,-1.0,False,False,1.18,72.5,False,True
POLYCAB,2026-09-08,True,0.06,76.1,8407.0,8380.58,STOP_LOSS,-0.31,-1.0,False,False,0.78,40.5,False,False
POLYCAB,2026-09-16,False,0.493,0.8,8218.0,8158.25,STOP_LOSS,-0.73,-1.0,False,False,0.76,50.0,False,False
POLYCAB,2026-09-17,False,0.295,45.9,8179.5,8146.99,STOP_LOSS,-0.4,-1.0,False,False,1.16,37.0,False,False
POLYCAB,2026-09-18,True,0.161,15.4,8283.5,8347.88,TARGET_2,0.78,2.5,True,True,1.69,94.4,True,True
POLYCAB,2026-09-21,False,0.659,46.7,8374.5,8374.5,STOP_LOSS,0.0,-1.0,False,False,2.01,94.1,True,True
POLYCAB,2026-09-23,False,0.336,65.5,8416.0,8416.0,STOP_LOSS,0.0,-1.0,False,False,1.58,31.2,False,False
KAYNES,2026-07-08,False,0.41,38.3,3335.0,3306.14,STOP_LOSS,-0.87,-1.0,False,False,2.38,66.4,True,True
KAYNES,2026-07-09,False,0.975,59.6,3283.1,3321.82,TARGET_2,1.18,2.5,True,True,1.85,61.0,True,True
KAYNES,2026-07-15,True,0.119,17.6,3329.6,3317.19,STOP_LOSS,-0.37,-1.0,False,False,0.84,58.3,False,True
KAYNES,2026-07-17,False,0.345,53.8,3442.6,3411.05,STOP_LOSS,-0.92,-1.0,False,False,8.96,98.8,True,True
KAYNES,2026-07-23,True,0.174,66.1,3310.2,3288.62,STOP_LOSS,-0.65,-1.0,False,False,1.28,38.2,False,False
KAYNES,2026-07-28,False,0.37,32.6,3201.4,3185.0,STOP_LOSS,-0.51,-1.0,False,False,2.66,25.6,True,False
KAYNES,2026-07-29,False,0.839,80.5,3351.1,3407.35,TARGET_2,1.68,2.5,True,True,4.66,59.6,True,True
KAYNES,2026-07-31,False,0.288,31.4,3711.3,3804.08,TARGET_2,2.5,2.5,True,True,3.62,94.2,True,True
KAYNES,2026-08-05,False,0.626,11.5,3938.8,3912.1,STOP_LOSS,-0.68,-1.0,False,False,3.22,81.3,True,True
KAYNES,2026-08-11,False,0.812,43.1,3810.6,3810.6,STOP_LOSS,0.0,-1.0,False,False,2.85,94.5,True,True
KAYNES,2026-08-12,False,0.666,45.9,3759.5,3733.6,STOP_LOSS,-0.69,-1.0,False,False,4.06,79.1,True,True
KAYNES,2026-08-17,False,1.069,46.8,3721.3,3684.09,STOP_LOSS,-1.0,-1.0,False,False,2.95,75.1,True,True
KAYNES,2026-08-19,False,0.598,1.9,3682.3,3749.33,TARGET_2,1.82,2.5,True,True,1.74,88.3,True,True
KAYNES,2026-08-20,False,1.591,0.7,3858.0,3858.0,STOP_LOSS,0.0,-1.0,False,False,1.74,25.9,True,False
KAYNES,2026-08-24,False,0.597,86.6,3942.9,3913.05,STOP_LOSS,-0.76,-1.0,False,False,0.61,62.1,False,True
KAYNES,2026-08-25,False,1.053,50.0,3942.0,3902.58,STOP_LOSS,-1.0,-1.0,False,False,3.27,92.1,True,True
KAYNES,2026-08-26,False,0.596,40.8,3982.2,4032.45,TARGET_2,1.26,2.5,True,True,8.7,72.2,True,True
KAYNES,2026-09-04,False,1.159,28.3,3552.0,3598.0,EOD_PROFIT,1.3,1.3,False,False,1.52,84.2,False,True
KAYNES,2026-09-08,False,0.966,71.2,3659.4,3638.5,STOP_LOSS,-0.57,-1.0,False,False,0.75,49.4,False,False
KAYNES,2026-09-18,False,0.725,26.3,3546.4,3546.4,STOP_LOSS,0.0,-1.0,False,False,1.3,85.1,False,True
KAYNES,2026-09-24,True,0.115,56.5,3476.8,3524.95,TARGET_2,1.38,2.5,True,True,0.52,84.8,False,True
KAYNES,2026-09-25,True,0.255,85.5,3605.0,3584.78,STOP_LOSS,-0.56,-1.0,False,False,4.06,77.9,True,True
TATAPOWER,2026-07-09,True,0.273,33.3,374.9,377.32,TARGET_2,0.65,2.5,True,True,1.79,77.3,True,True
TATAPOWER,2026-07-10,True,0.013,73.7,378.55,381.3,TARGET_2,0.73,2.5,True,True,1.06,47.4,False,False
TATAPOWER,2026-07-15,True,0.141,55.9,380.5,384.55,TARGET_2,1.06,2.5,True,True,0.42,72.7,False,True
TATAPOWER,2026-07-20,True,0.11,53.2,379.9,383.07,TARGET_2,0.83,2.5,True,True,2.57,27.9,True,False
TATAPOWER,2026-07-23,True,0.079,39.4,379.4,376.8,STOP_LOSS,-0.69,-1.0,False,False,7.23,83.3,True,True
TATAPOWER,2026-07-29,False,0.784,19.0,375.9,372.8,STOP_LOSS,-0.82,-1.0,False,False,2.73,93.3,True,True
TATAPOWER,2026-08-04,True,0.157,56.7,382.5,381.25,STOP_LOSS,-0.33,-1.0,False,False,3.09,100.0,True,True
TATAPOWER,2026-08-07,True,0.141,21.1,379.75,380.55,EOD_PROFIT,0.21,0.57,False,False,1.29,61.5,False,True
TATAPOWER,2026-08-14,False,0.411,76.3,383.05,387.55,TARGET_2,1.17,2.5,True,True,3.69,74.3,True,True
TATAPOWER,2026-08-21,False,0.389,71.7,377.5,375.0,STOP_LOSS,-0.66,-1.0,False,False,1.81,85.0,True,True
TATAPOWER,2026-08-26,True,0.144,19.5,375.15,373.23,STOP_LOSS,-0.51,-1.0,False,False,2.55,90.9,True,True
TATAPOWER,2026-09-02,True,0.167,53.8,352.5,359.52,TARGET_2,1.99,2.5,True,True,0.98,80.6,False,True
TATAPOWER,2026-09-03,False,1.544,57.7,367.85,367.85,STOP_LOSS,0.0,-1.0,False,False,1.42,14.7,False,False
TATAPOWER,2026-09-04,True,0.241,38.5,367.25,365.46,STOP_LOSS,-0.49,-1.0,False,False,3.44,71.4,True,True
TATAPOWER,2026-09-09,True,0.155,69.1,370.3,370.3,STOP_LOSS,0.0,-1.0,False,False,4.02,85.5,True,True
TATAPOWER,2026-09-23,True,0.181,65.4,368.5,367.7,STOP_LOSS,-0.22,-1.0,False,False,0.87,60.0,False,True
TATAPOWER,2026-09-25,False,0.325,69.4,366.1,367.5,EOD_PROFIT,0.38,0.64,False,False,1.67,92.9,True,True
PFC,2026-07-10,False,0.302,42.9,409.5,408.27,STOP_LOSS,-0.3,-1.0,False,False,3.57,25.0,True,False
PFC,2026-07-14,False,0.355,11.9,406.05,409.0,EOD_PROFIT,0.73,1.21,False,False,3.4,94.6,True,True
PFC,2026-07-15,False,0.64,45.9,412.4,411.43,STOP_LOSS,-0.24,-1.0,False,False,2.21,80.0,True,True
PFC,2026-07-17,False,0.553,93.9,406.6,403.38,STOP_LOSS,-0.79,-1.0,False,False,3.66,100.0,True,True
PFC,2026-07-20,True,0.157,52.6,405.6,408.98,TARGET_2,0.83,2.5,True,True,0.85,29.2,False,False
PFC,2026-07-23,True,0.089,89.1,412.35,410.5,STOP_LOSS,-0.45,-1.0,False,False,1.41,56.3,False,True
PFC,2026-07-27,False,0.365,98.8,416.3,418.25,EOD_PROFIT,0.47,0.87,False,False,1.67,89.7,True,True
PFC,2026-07-28,False,0.312,2.6,421.35,419.64,STOP_LOSS,-0.41,-1.0,False,False,2.5,96.8,True,True
PFC,2026-07-29,True,0.079,9.7,422.6,420.82,STOP_LOSS,-0.42,-1.0,False,False,1.24,53.1,False,False
PFC,2026-07-31,True,0.078,16.3,426.95,424.58,STOP_LOSS,-0.56,-1.0,False,False,3.96,100.0,True,True
PFC,2026-08-07,False,0.404,87.5,418.1,420.0,EOD_PROFIT,0.45,0.78,False,False,2.32,61.2,True,True
PFC,2026-08-18,True,0.053,25.9,376.25,375.53,STOP_LOSS,-0.19,-1.0,False,False,0.57,78.6,False,True
PFC,2026-08-24,True,0.032,95.6,365.1,364.13,STOP_LOSS,-0.27,-1.0,False,False,2.02,30.0,True,False
PFC,2026-08-25,True,0.105,5.9,364.85,363.55,STOP_LOSS,-0.36,-1.0,False,False,8.04,86.2,True,True
PFC,2026-08-26,False,0.442,41.7,367.95,366.7,STOP_LOSS,-0.34,-1.0,False,False,0.66,91.7,False,True
PFC,2026-09-04,False,0.37,34.9,348.15,353.37,TARGET_2,1.5,2.5,True,True,12.05,75.7,True,True
PFC,2026-09-07,False,0.856,69.7,356.9,355.07,STOP_LOSS,-0.51,-1.0,False,False,2.97,100.0,True,True
PFC,2026-09-10,True,0.222,46.0,352.9,352.8,EOD_LOSS,-0.03,-0.04,False,False,5.88,65.6,True,True
PFC,2026-09-16,False,0.826,69.0,348.5,346.03,STOP_LOSS,-0.71,-1.0,False,False,0.83,57.7,False,True
PFC,2026-09-17,True,0.077,10.3,347.8,346.68,STOP_LOSS,-0.32,-1.0,False,False,1.28,80.0,False,True
PFC,2026-09-23,True,0.154,22.2,347.45,346.47,STOP_LOSS,-0.28,-1.0,False,False,1.23,81.8,False,True
TITAN,2026-07-07,True,0.202,88.0,4607.8,4607.8,STOP_LOSS,0.0,-1.0,False,False,0.86,51.3,False,False
TITAN,2026-07-13,True,0.027,61.7,4582.5,4595.5,EOD_PROFIT,0.28,0.38,False,False,0.73,13.2,False,False
TITAN,2026-07-16,True,0.142,85.8,4645.8,4622.42,STOP_LOSS,-0.5,-1.0,False,False,0.39,82.3,False,True
TITAN,2026-07-20,True,0.023,19.2,4643.0,4643.0,STOP_LOSS,0.0,-1.0,False,False,1.75,60.0,True,True
TITAN,2026-07-22,False,0.404,30.6,4713.4,4699.94,STOP_LOSS,-0.29,-1.0,False,False,1.25,14.9,False,False
TITAN,2026-07-28,False,0.312,50.0,4768.5,4801.0,TARGET_2,0.68,2.5,True,True,0.44,74.6,False,True
TITAN,2026-07-30,True,0.08,53.1,4849.2,4836.85,STOP_LOSS,-0.25,-1.0,False,False,1.99,54.2,True,False
TITAN,2026-07-31,True,0.04,11.3,4861.5,4885.5,EOD_PROFIT,0.49,1.17,False,False,1.69,46.8,True,False
TITAN,2026-08-03,False,0.432,94.1,4894.1,4933.2,TARGET_2,0.8,2.5,True,True,1.88,34.8,True,False
TITAN,2026-08-06,True,0.138,89.5,4994.8,4977.02,STOP_LOSS,-0.36,-1.0,False,False,3.75,100.0,True,True
TITAN,2026-08-11,False,1.1,53.2,5160.7,5138.36,STOP_LOSS,-0.43,-1.0,False,False,1.04,57.8,False,True
TITAN,2026-08-14,False,0.343,67.1,5083.3,5065.4,STOP_LOSS,-0.35,-1.0,False,False,1.0,75.9,False,True
TITAN,2026-08-19,True,0.256,41.6,5071.4,5049.25,STOP_LOSS,-0.44,-1.0,False,False,2.62,80.8,True,True
TITAN,2026-08-20,True,0.153,66.3,5107.0,5086.38,STOP_LOSS,-0.4,-1.0,False,False,1.66,80.8,True,True
TITAN,2026-08-27,True,0.22,62.4,5117.7,5158.82,TARGET_2,0.8,2.5,True,True,0.1,75.0,False,True
TITAN,2026-09-08,True,0.073,59.5,4995.0,4995.0,STOP_LOSS,0.0,-1.0,False,False,1.17,84.6,False,True
TITAN,2026-09-10,True,0.153,40.5,5005.0,5021.0,EOD_PROFIT,0.32,0.89,False,False,0.93,100.0,False,True
TITAN,2026-09-21,True,0.267,47.8,4827.0,4875.0,EOD_PROFIT,0.99,2.0,True,False,0.76,100.0,False,True
TITAN,2026-09-22,False,0.626,38.3,4905.5,4961.12,TARGET_2,1.13,2.5,True,True,1.04,100.0,False,True
TITAN,2026-09-24,False,0.289,5.4,4910.0,4874.63,STOP_LOSS,-0.72,-1.0,False,False,2.5,100.0,True,True
TRENT,2026-07-20,False,0.313,3.0,2878.8,2931.53,TARGET_2,1.83,2.5,True,True,2.21,86.7,True,True
TRENT,2026-07-23,True,0.181,68.2,2915.0,2902.18,STOP_LOSS,-0.44,-1.0,False,False,3.05,83.6,True,True
TRENT,2026-07-27,False,0.335,11.5,2928.0,2928.0,STOP_LOSS,0.0,-1.0,False,False,2.74,53.4,True,False
TRENT,2026-07-29,True,0.12,88.0,2943.0,2980.12,TARGET_2,1.26,2.5,True,True,13.28,91.5,True,True
TRENT,2026-08-04,False,0.516,88.4,3083.1,3083.1,STOP_LOSS,0.0,-1.0,False,False,1.4,50.9,False,False
TRENT,2026-08-05,False,0.612,48.5,3130.8,3116.44,STOP_LOSS,-0.46,-1.0,False,False,3.13,55.0,True,False
TRENT,2026-08-12,True,0.234,51.5,3016.2,3006.1,STOP_LOSS,-0.33,-1.0,False,False,0.93,16.7,False,False
TRENT,2026-08-14,True,0.117,31.1,3008.6,2985.29,STOP_LOSS,-0.77,-1.0,False,False,0.77,59.6,False,True
TRENT,2026-08-18,False,0.429,75.5,2970.3,2944.8,STOP_LOSS,-0.86,-1.0,False,False,2.64,78.6,True,True
TRENT,2026-08-19,False,0.344,32.4,2962.0,2950.4,STOP_LOSS,-0.39,-1.0,False,False,7.04,56.5,True,True
TRENT,2026-08-20,True,0.056,85.8,2966.5,2955.9,STOP_LOSS,-0.36,-1.0,False,False,1.81,86.2,True,True
TRENT,2026-08-28,False,0.388,57.0,2897.6,2885.54,STOP_LOSS,-0.42,-1.0,False,False,2.01,44.6,True,False
TRENT,2026-09-03,False,0.289,50.2,2875.3,2859.35,STOP_LOSS,-0.55,-1.0,False,False,4.17,55.6,True,True
TRENT,2026-09-04,False,0.754,26.5,2870.2,2852.91,STOP_LOSS,-0.6,-1.0,False,False,6.2,89.6,True,True
TRENT,2026-09-09,True,0.075,16.8,2817.3,2820.0,EOD_PROFIT,0.1,0.16,False,False,0.68,94.9,False,True
TRENT,2026-09-16,False,1.016,35.3,2772.2,2769.7,EOD_LOSS,-0.09,-0.09,False,False,0.88,49.5,False,False
TRENT,2026-09-17,True,0.199,50.3,2783.2,2807.32,TARGET_2,0.87,2.5,True,True,4.06,84.1,True,True
TRENT,2026-09-21,False,0.569,82.7,2821.2,2815.5,STOP_LOSS,-0.2,-1.0,False,False,3.89,23.2,True,False
ITC,2026-07-10,True,0.201,3.6,283.6,282.75,STOP_LOSS,-0.3,-1.0,False,False,1.31,72.7,False,True
ITC,2026-07-16,True,0.036,3.4,278.0,279.9,EOD_PROFIT,0.68,1.74,True,False,2.99,61.5,True,True
ITC,2026-07-17,False,0.395,40.0,279.5,279.5,STOP_LOSS,0.0,-1.0,False,False,1.68,73.3,True,True
ITC,2026-07-20,True,0.178,32.1,281.3,283.18,TARGET_2,0.67,2.5,True,True,4.38,57.1,True,True
ITC,2026-07-21,True,0.278,78.3,283.6,282.88,STOP_LOSS,-0.25,-1.0,False,False,2.93,33.3,True,False
ITC,2026-07-23,False,0.344,53.3,282.15,280.55,STOP_LOSS,-0.57,-1.0,False,False,2.68,77.3,True,True
ITC,2026-07-24,True,0.059,76.3,282.1,284.0,EOD_PROFIT,0.67,1.27,False,False,1.7,84.2,True,True
ITC,2026-07-29,True,0.053,44.3,287.95,286.91,STOP_LOSS,-0.36,-1.0,False,False,2.49,45.8,True,False
ITC,2026-08-03,False,0.449,79.3,290.85,288.98,STOP_LOSS,-0.64,-1.0,False,False,1.85,10.6,True,False
ITC,2026-08-04,True,0.203,21.7,288.15,289.0,EOD_PROFIT,0.29,0.37,False,False,1.31,71.9,False,True
ITC,2026-08-26,False,0.45,6.7,273.05,272.04,STOP_LOSS,-0.37,-1.0,False,False,2.96,62.1,True,True
ITC,2026-09-02,False,0.452,50.0,266.4,266.3,EOD_LOSS,-0.04,-0.05,False,False,2.64,81.3,True,True
ITC,2026-09-04,False,0.467,28.0,265.3,264.1,EOD_LOSS,-0.45,-0.82,False,False,7.08,64.3,True,True
ITC,2026-09-07,True,0.095,69.6,264.8,263.68,STOP_LOSS,-0.42,-1.0,False,False,1.75,95.0,True,True
ITC,2026-09-08,True,0.12,45.2,264.3,264.3,STOP_LOSS,0.0,-1.0,False,False,1.79,100.0,True,True
ITC,2026-09-17,False,0.507,56.2,266.75,265.3,STOP_LOSS,-0.54,-1.0,False,False,2.23,81.8,True,True
ITC,2026-09-21,False,0.468,85.7,265.6,267.0,EOD_PROFIT,0.53,1.39,False,False,1.92,63.6,True,True
ITC,2026-09-23,True,0.182,38.5,266.55,268.18,TARGET_2,0.61,2.5,True,True,2.47,11.1,True,False
HINDUNILVR,2026-07-07,True,0.098,70.2,2214.2,2202.3,STOP_LOSS,-0.54,-1.0,False,False,1.99,48.6,True,False
HINDUNILVR,2026-07-10,True,0.236,41.8,2166.7,2157.23,STOP_LOSS,-0.44,-1.0,False,False,3.34,80.4,True,True
HINDUNILVR,2026-07-16,True,0.201,61.1,2120.2,2110.81,STOP_LOSS,-0.44,-1.0,False,False,2.18,78.9,True,True
HINDUNILVR,2026-07-17,False,0.355,70.9,2128.4,2150.23,TARGET_2,1.03,2.5,True,True,1.76,71.2,True,True
HINDUNILVR,2026-07-22,True,0.157,25.9,2150.5,2154.6,EOD_PROFIT,0.19,0.56,False,False,1.56,49.0,False,False
HINDUNILVR,2026-07-24,False,0.323,56.6,2162.3,2153.18,STOP_LOSS,-0.42,-1.0,False,False,0.88,84.6,False,True
HINDUNILVR,2026-07-28,True,0.127,46.1,2203.0,2187.85,STOP_LOSS,-0.69,-1.0,False,False,2.13,92.8,True,True
HINDUNILVR,2026-08-03,True,0.151,2.2,2121.4,2112.48,STOP_LOSS,-0.42,-1.0,False,False,4.13,94.0,True,True
HINDUNILVR,2026-08-06,True,0.008,42.7,2090.0,2082.6,STOP_LOSS,-0.35,-1.0,False,False,0.85,42.1,False,False
HINDUNILVR,2026-08-13,True,0.112,82.4,2063.9,2075.4,TARGET_2,0.56,2.5,True,True,1.39,53.6,False,False
HINDUNILVR,2026-08-14,False,0.587,100.0,2089.4,2083.8,STOP_LOSS,-0.27,-1.0,False,False,1.67,78.9,True,True
HINDUNILVR,2026-08-20,True,0.138,63.2,2041.0,2035.27,STOP_LOSS,-0.28,-1.0,False,False,0.32,93.9,False,True
HINDUNILVR,2026-08-25,False,0.379,38.4,2026.5,2018.9,STOP_LOSS,-0.38,-1.0,False,False,2.17,64.4,True,True
HINDUNILVR,2026-08-26,True,0.135,14.0,2038.9,2038.9,STOP_LOSS,0.0,-1.0,False,False,1.73,85.5,True,True
HINDUNILVR,2026-09-04,True,0.203,94.5,1968.6,1968.6,STOP_LOSS,0.0,-1.0,False,False,0.88,41.4,False,False
HINDUNILVR,2026-09-08,True,0.202,6.2,1981.0,1980.0,EOD_LOSS,-0.05,-0.08,False,False,2.51,97.1,True,True
HINDUNILVR,2026-09-11,True,0.036,16.7,1943.5,1933.8,STOP_LOSS,-0.5,-1.0,False,False,0.29,25.0,False,False
HINDUNILVR,2026-09-15,False,0.338,65.7,1962.2,1952.89,STOP_LOSS,-0.47,-1.0,False,False,24.14,82.1,True,True
HINDUNILVR,2026-09-16,False,0.503,47.4,1971.5,1962.0,EOD_LOSS,-0.48,-0.63,False,False,3.06,92.0,True,True
HINDUNILVR,2026-09-18,False,0.432,21.4,1956.3,1949.0,STOP_LOSS,-0.37,-1.0,False,False,1.2,61.9,False,True
HINDUNILVR,2026-09-21,False,0.471,84.4,1960.3,1952.5,STOP_LOSS,-0.4,-1.0,False,False,2.14,65.4,True,True
SUNPHARMA,2026-07-07,True,0.148,22.1,1914.6,1907.62,STOP_LOSS,-0.36,-1.0,False,False,2.76,68.3,True,True
SUNPHARMA,2026-07-09,False,0.516,80.1,1934.4,1937.0,EOD_PROFIT,0.13,0.2,False,False,2.55,66.1,True,True
SUNPHARMA,2026-07-10,False,0.587,68.2,1952.5,1938.46,STOP_LOSS,-0.72,-1.0,False,False,3.58,83.1,True,True
SUNPHARMA,2026-07-14,True,0.003,83.5,1937.5,1931.39,STOP_LOSS,-0.32,-1.0,False,False,3.06,67.3,True,True
SUNPHARMA,2026-07-15,False,0.32,20.8,1957.6,1948.9,STOP_LOSS,-0.44,-1.0,False,False,2.04,98.6,True,True
SUNPHARMA,2026-07-17,True,0.003,23.0,1951.0,1943.5,STOP_LOSS,-0.38,-1.0,False,False,0.78,20.0,False,False
SUNPHARMA,2026-07-21,False,0.367,14.4,1955.7,1961.9,EOD_PROFIT,0.32,0.6,False,False,0.51,97.8,False,True
SUNPHARMA,2026-07-23,True,0.186,3.5,1944.5,1935.9,STOP_LOSS,-0.44,-1.0,False,False,1.22,48.2,False,False
SUNPHARMA,2026-07-24,False,0.308,89.0,1958.1,1951.03,STOP_LOSS,-0.36,-1.0,False,False,1.2,84.2,False,True
SUNPHARMA,2026-07-27,False,0.36,5.1,1952.3,1971.5,TARGET_2,0.98,2.5,True,True,2.74,85.4,True,True
SUNPHARMA,2026-07-28,False,0.557,30.3,1987.6,1979.8,STOP_LOSS,-0.39,-1.0,False,False,1.46,78.6,False,True
SUNPHARMA,2026-07-29,True,0.173,25.5,1989.0,1983.1,STOP_LOSS,-0.3,-1.0,False,False,1.7,100.0,True,True
SUNPHARMA,2026-08-04,True,0.08,47.6,1962.9,1954.4,STOP_LOSS,-0.43,-1.0,False,False,1.0,29.0,False,False
SUNPHARMA,2026-08-06,False,0.283,86.3,1958.4,1948.26,STOP_LOSS,-0.52,-1.0,False,False,1.16,94.5,False,True
SUNPHARMA,2026-08-19,False,0.303,49.0,1895.2,1885.56,STOP_LOSS,-0.51,-1.0,False,False,1.58,68.9,False,True
SUNPHARMA,2026-08-24,True,0.081,72.3,1905.0,1919.75,TARGET_2,0.77,2.5,True,True,1.01,46.7,False,False
SUNPHARMA,2026-08-25,True,0.073,1.8,1915.3,1906.0,STOP_LOSS,-0.49,-1.0,False,False,1.99,88.9,True,True
SUNPHARMA,2026-09-16,True,0.219,7.1,1852.8,1846.6,STOP_LOSS,-0.33,-1.0,False,False,1.44,85.0,False,True
SUNPHARMA,2026-09-17,True,0.225,69.8,1860.8,1854.0,STOP_LOSS,-0.37,-1.0,False,False,1.25,72.1,False,True
SUNPHARMA,2026-09-21,False,0.719,92.1,1873.8,1873.8,STOP_LOSS,0.0,-1.0,False,False,1.31,100.0,False,True
CIPLA,2026-07-07,False,0.366,33.3,1479.0,1473.8,STOP_LOSS,-0.35,-1.0,False,False,0.62,76.9,False,True
CIPLA,2026-07-09,False,0.968,85.0,1450.9,1440.14,STOP_LOSS,-0.74,-1.0,False,False,1.75,92.1,True,True
CIPLA,2026-07-10,True,0.132,69.6,1448.6,1441.85,STOP_LOSS,-0.47,-1.0,False,False,2.27,82.4,True,True
CIPLA,2026-07-14,False,0.282,90.2,1449.7,1442.64,STOP_LOSS,-0.49,-1.0,False,False,4.08,100.0,True,True
CIPLA,2026-07-20,True,0.068,66.2,1444.2,1464.3,TARGET_2,1.39,2.5,True,True,1.26,70.6,False,True
CIPLA,2026-07-23,False,0.399,41.0,1414.4,1403.77,STOP_LOSS,-0.75,-1.0,False,False,1.51,65.6,False,True
CIPLA,2026-07-28,True,0.18,32.5,1444.1,1436.42,STOP_LOSS,-0.53,-1.0,False,False,1.15,22.4,False,False
CIPLA,2026-07-29,False,0.377,40.6,1457.4,1452.75,STOP_LOSS,-0.32,-1.0,False,False,3.1,36.2,True,False
CIPLA,2026-08-03,True,0.082,82.9,1475.6,1469.45,STOP_LOSS,-0.42,-1.0,False,False,0.93,90.5,False,True
CIPLA,2026-08-06,True,0.247,80.5,1483.9,1475.73,STOP_LOSS,-0.55,-1.0,False,False,5.3,85.7,True,True
CIPLA,2026-08-12,True,0.011,51.6,1467.2,1461.05,STOP_LOSS,-0.42,-1.0,False,False,2.21,65.8,True,True
CIPLA,2026-08-18,True,0.237,72.2,1437.0,1433.6,STOP_LOSS,-0.24,-1.0,False,False,3.18,31.6,True,False
CIPLA,2026-08-24,False,0.285,28.1,1432.2,1437.9,EOD_PROFIT,0.4,0.43,False,False,1.08,80.0,False,True
CIPLA,2026-09-03,True,0.168,68.6,1413.0,1408.5,STOP_LOSS,-0.32,-1.0,False,False,6.23,100.0,True,True
CIPLA,2026-09-07,True,0.053,53.4,1387.3,1381.15,STOP_LOSS,-0.44,-1.0,False,False,0.89,80.6,False,True
CIPLA,2026-09-10,False,0.6,67.2,1376.3,1370.58,STOP_LOSS,-0.42,-1.0,False,False,1.68,44.8,True,False
CIPLA,2026-09-16,True,0.175,18.2,1362.9,1357.2,STOP_LOSS,-0.42,-1.0,False,False,1.33,66.7,False,True
CIPLA,2026-09-21,False,0.524,44.4,1397.5,1392.22,STOP_LOSS,-0.38,-1.0,False,False,2.58,40.0,True,False
CIPLA,2026-09-24,True,0.174,62.5,1385.4,1385.4,STOP_LOSS,0.0,-1.0,False,False,0.84,83.0,False,True
CIPLA,2026-09-25,True,0.268,0.9,1413.2,1406.6,STOP_LOSS,-0.47,-1.0,False,False,4.73,82.1,True,True
DRREDDY,2026-07-07,True,0.241,40.4,1378.4,1367.76,STOP_LOSS,-0.77,-1.0,False,False,2.45,94.2,True,True
DRREDDY,2026-07-14,True,0.089,16.1,1244.3,1240.16,STOP_LOSS,-0.33,-1.0,False,False,2.71,61.9,True,True
DRREDDY,2026-07-21,True,0.008,60.3,1226.5,1220.11,STOP_LOSS,-0.52,-1.0,False,False,7.19,86.4,True,True
DRREDDY,2026-07-29,False,0.334,83.3,1143.3,1138.3,STOP_LOSS,-0.44,-1.0,False,False,0.94,91.1,False,True
DRREDDY,2026-08-05,False,0.511,71.1,1172.4,1176.0,EOD_PROFIT,0.31,0.51,False,False,1.51,34.9,False,False
DRREDDY,2026-08-11,False,0.47,40.5,1167.7,1184.45,TARGET_2,1.43,2.5,True,True,4.86,90.0,True,True
DRREDDY,2026-08-13,True,0.15,100.0,1200.4,1206.0,EOD_PROFIT,0.47,0.67,False,False,2.28,68.4,True,True
DRREDDY,2026-08-19,True,0.22,52.9,1183.8,1178.1,STOP_LOSS,-0.48,-1.0,False,False,1.69,100.0,True,True
DRREDDY,2026-08-24,True,0.266,30.1,1180.0,1189.47,TARGET_2,0.8,2.5,True,True,13.21,72.0,True,True
DRREDDY,2026-08-25,False,0.541,3.8,1188.0,1185.15,STOP_LOSS,-0.24,-1.0,False,False,0.83,64.3,False,True
DRREDDY,2026-09-01,False,0.677,11.3,1174.3,1171.55,STOP_LOSS,-0.23,-1.0,False,False,1.69,84.8,True,True
DRREDDY,2026-09-11,True,0.12,72.2,1144.0,1156.12,TARGET_2,1.06,2.5,True,True,2.17,88.9,True,True
DRREDDY,2026-09-15,False,0.497,5.2,1166.6,1162.15,STOP_LOSS,-0.38,-1.0,False,False,1.77,42.1,True,False
DRREDDY,2026-09-17,True,0.111,28.1,1151.2,1167.83,TARGET_2,1.44,2.5,True,True,2.95,72.6,True,True
DRREDDY,2026-09-18,False,0.579,86.8,1194.8,1202.8,TARGET_2,0.67,2.5,True,True,1.8,5.0,True,False
DRREDDY,2026-09-21,False,0.582,45.7,1199.5,1199.5,STOP_LOSS,0.0,-1.0,False,False,2.46,73.2,True,True
DRREDDY,2026-09-22,True,0.072,3.0,1215.4,1215.4,STOP_LOSS,0.0,-1.0,False,False,16.79,69.5,True,True
DRREDDY,2026-09-23,True,0.025,27.2,1217.0,1211.29,STOP_LOSS,-0.47,-1.0,False,False,2.0,68.2,True,True
DIVISLAB,2026-07-07,False,0.373,3.3,6918.0,6918.0,STOP_LOSS,0.0,-1.0,False,False,3.1,53.8,True,False
DIVISLAB,2026-07-08,False,0.825,46.5,6856.0,6806.63,STOP_LOSS,-0.72,-1.0,False,False,0.86,71.0,False,True
DIVISLAB,2026-07-09,True,0.222,95.7,6894.5,6894.5,STOP_LOSS,0.0,-1.0,False,False,0.68,36.4,False,False
DIVISLAB,2026-07-10,False,0.295,74.5,6852.0,6811.75,STOP_LOSS,-0.59,-1.0,False,False,2.11,85.7,True,True
DIVISLAB,2026-07-14,False,0.641,31.4,6960.0,7003.4,TARGET_2,0.62,2.5,True,True,3.28,1.8,True,False
DIVISLAB,2026-07-16,True,0.062,23.9,7316.0,7361.62,TARGET_2,0.62,2.5,True,True,0.34,23.1,False,False
DIVISLAB,2026-07-20,True,0.099,39.3,7321.5,7407.12,TARGET_2,1.17,2.5,True,True,1.77,100.0,True,True
DIVISLAB,2026-07-22,True,0.187,58.1,7339.0,7386.5,EOD_PROFIT,0.65,0.65,False,False,5.7,82.1,True,True
DIVISLAB,2026-07-23,False,0.695,92.1,7366.5,7339.75,STOP_LOSS,-0.36,-1.0,False,False,1.08,57.1,False,True
DIVISLAB,2026-07-27,True,0.177,86.0,7332.5,7409.1,TARGET_2,1.04,2.5,True,True,0.68,53.3,False,False
DIVISLAB,2026-07-28,False,0.64,70.3,7446.0,7413.0,STOP_LOSS,-0.44,-1.0,False,False,3.25,94.8,True,True
DIVISLAB,2026-07-29,True,0.094,85.1,7554.5,7642.78,TARGET_2,1.17,2.5,True,True,3.2,34.4,True,False
DIVISLAB,2026-08-06,True,0.042,38.8,8416.0,8416.0,STOP_LOSS,0.0,-1.0,False,False,1.76,50.0,True,False
DIVISLAB,2026-08-11,True,0.044,25.0,8334.5,8304.0,STOP_LOSS,-0.37,-1.0,False,False,5.82,74.2,True,True
DIVISLAB,2026-08-14,False,0.299,76.2,8558.5,8529.04,STOP_LOSS,-0.34,-1.0,False,False,4.97,85.1,True,True
DIVISLAB,2026-08-18,True,0.206,69.7,8596.0,8571.32,STOP_LOSS,-0.29,-1.0,False,False,1.09,17.2,False,False
DIVISLAB,2026-08-25,True,0.125,83.8,8597.0,8564.46,STOP_LOSS,-0.38,-1.0,False,False,1.65,32.3,True,False
DIVISLAB,2026-08-26,False,0.949,73.3,8881.5,8992.38,TARGET_2,1.25,2.5,True,True,1.77,71.9,True,True
DIVISLAB,2026-08-28,True,0.242,54.7,9180.5,9180.5,STOP_LOSS,0.0,-1.0,False,False,5.1,89.1,True,True
DIVISLAB,2026-08-31,False,0.446,77.4,9243.0,9201.78,STOP_LOSS,-0.45,-1.0,False,False,2.54,40.0,True,False
DIVISLAB,2026-09-03,True,0.13,40.2,9273.0,9225.14,STOP_LOSS,-0.52,-1.0,False,False,3.99,82.9,True,True
DIVISLAB,2026-09-07,False,0.586,16.7,9195.0,9294.1,TARGET_2,1.08,2.5,True,True,2.89,100.0,True,True
DIVISLAB,2026-09-08,False,0.668,41.6,9371.0,9488.02,TARGET_2,1.25,2.5,True,True,1.05,65.0,False,True
DIVISLAB,2026-09-17,False,0.813,64.6,9219.5,9299.75,TARGET_2,0.87,2.5,True,True,0.72,56.6,False,True
DIVISLAB,2026-09-18,False,0.537,24.8,9432.0,9392.75,STOP_LOSS,-0.42,-1.0,False,False,2.34,92.1,True,True
DIVISLAB,2026-09-21,True,0.087,49.1,9441.0,9405.5,STOP_LOSS,-0.38,-1.0,False,False,1.22,69.7,False,True
DIVISLAB,2026-09-23,True,0.18,7.1,9390.5,9495.33,TARGET_2,1.12,2.5,True,True,1.71,88.4,True,True
DIVISLAB,2026-09-24,False,1.091,33.7,9679.5,9602.0,EOD_LOSS,-0.8,-0.93,False,False,6.21,85.0,True,True
RELIANCE,2026-07-09,False,0.567,67.8,1288.0,1288.0,STOP_LOSS,0.0,-1.0,False,False,1.08,46.7,False,False
RELIANCE,2026-07-10,True,0.27,61.7,1303.4,1309.6,EOD_PROFIT,0.48,0.92,False,False,0.49,75.7,False,True
RELIANCE,2026-07-14,True,0.19,84.3,1301.4,1295.5,STOP_LOSS,-0.45,-1.0,False,False,2.13,60.0,True,True
RELIANCE,2026-07-16,False,0.308,77.3,1303.7,1299.95,STOP_LOSS,-0.29,-1.0,False,False,0.51,47.6,False,False
RELIANCE,2026-07-17,True,0.015,69.3,1312.6,1323.7,TARGET_2,0.85,2.5,True,True,2.4,90.2,True,True
RELIANCE,2026-07-24,True,0.269,3.8,1278.4,1280.3,EOD_PROFIT,0.15,0.16,False,False,1.66,88.1,True,True
RELIANCE,2026-07-30,True,0.021,50.7,1282.7,1291.08,TARGET_2,0.65,2.5,True,True,1.13,18.2,False,False
RELIANCE,2026-07-31,False,0.334,29.2,1300.7,1298.3,STOP_LOSS,-0.18,-1.0,False,False,2.36,88.4,True,True
RELIANCE,2026-08-06,True,0.249,79.3,1300.9,1312.6,TARGET_2,0.9,2.5,True,True,0.67,63.6,False,True
RELIANCE,2026-08-07,False,1.052,17.7,1331.8,1325.85,STOP_LOSS,-0.45,-1.0,False,False,1.21,60.0,False,True
RELIANCE,2026-09-01,False,0.38,67.3,1298.5,1309.0,EOD_PROFIT,0.81,1.67,True,False,0.54,61.4,False,True
RELIANCE,2026-09-02,False,0.674,48.8,1305.0,1305.0,STOP_LOSS,0.0,-1.0,False,False,0.97,37.8,False,False
RELIANCE,2026-09-04,False,0.362,59.6,1322.9,1322.0,EOD_LOSS,-0.07,-0.11,False,False,2.81,100.0,True,True
RELIANCE,2026-09-16,False,0.638,85.3,1253.4,1248.72,STOP_LOSS,-0.37,-1.0,False,False,0.71,81.8,False,True
RELIANCE,2026-09-23,True,0.236,24.5,1246.3,1246.3,STOP_LOSS,0.0,-1.0,False,False,1.95,63.0,True,True
BPCL,2026-07-09,True,0.143,43.1,305.55,305.55,STOP_LOSS,0.0,-1.0,False,False,1.02,54.2,False,False
BPCL,2026-07-15,False,0.285,44.0,309.3,310.05,EOD_PROFIT,0.24,0.54,False,False,0.56,69.2,False,True
BPCL,2026-07-16,True,0.253,40.0,313.65,317.0,TARGET_2,1.07,2.5,True,True,1.16,95.2,False,True
BPCL,2026-07-21,False,0.565,12.0,320.9,318.55,STOP_LOSS,-0.73,-1.0,False,False,12.81,70.8,True,True
BPCL,2026-07-22,True,0.104,26.2,319.6,316.4,STOP_LOSS,-1.0,-1.0,False,False,1.68,66.7,True,True
BPCL,2026-07-28,True,0.079,31.5,320.4,320.1,EOD_LOSS,-0.09,-0.12,False,False,2.7,100.0,True,True
BPCL,2026-07-31,True,0.048,69.2,317.3,320.0,EOD_PROFIT,0.85,2.11,True,False,0.69,90.5,False,True
BPCL,2026-08-11,True,0.01,82.8,318.5,316.68,STOP_LOSS,-0.57,-1.0,False,False,1.23,7.1,False,False
BPCL,2026-08-14,False,0.361,83.3,317.25,316.01,STOP_LOSS,-0.39,-1.0,False,False,2.31,66.7,True,True
BPCL,2026-08-17,False,0.567,66.7,319.1,316.76,STOP_LOSS,-0.73,-1.0,False,False,1.84,63.9,True,True
BPCL,2026-08-20,True,0.184,72.4,308.55,308.7,EOD_PROFIT,0.05,0.09,False,False,1.69,56.2,True,True
BPCL,2026-08-21,True,0.151,13.0,309.25,312.2,TARGET_2,0.95,2.5,True,True,1.9,94.1,True,True
BPCL,2026-09-02,True,0.252,35.7,317.35,314.52,STOP_LOSS,-0.89,-1.0,False,False,0.5,44.4,False,False
BPCL,2026-09-04,True,0.136,56.4,320.45,319.27,STOP_LOSS,-0.37,-1.0,False,False,1.72,87.5,True,True
BPCL,2026-09-15,False,0.75,32.3,306.65,305.01,STOP_LOSS,-0.53,-1.0,False,False,4.24,78.4,True,True
BPCL,2026-09-18,False,0.332,61.0,311.1,311.1,STOP_LOSS,0.0,-1.0,False,False,5.46,46.2,True,False
BPCL,2026-09-22,True,0.106,58.5,317.1,315.65,STOP_LOSS,-0.46,-1.0,False,False,0.7,46.7,False,False
BPCL,2026-09-23,True,0.101,29.4,315.3,313.93,STOP_LOSS,-0.43,-1.0,False,False,0.61,25.0,False,False
DLF,2026-07-08,False,0.96,23.4,664.5,657.86,STOP_LOSS,-1.0,-1.0,False,False,2.82,95.7,True,True
DLF,2026-07-09,False,1.537,68.6,649.05,664.1,TARGET_2,2.32,2.5,True,True,2.25,64.8,True,True
DLF,2026-07-10,False,0.73,9.1,674.5,685.47,TARGET_2,1.63,2.5,True,True,0.72,58.3,False,True
DLF,2026-07-13,False,1.22,53.8,689.5,683.34,STOP_LOSS,-0.89,-1.0,False,False,0.88,76.1,False,True
DLF,2026-07-15,True,0.067,83.2,680.9,676.36,STOP_LOSS,-0.67,-1.0,False,False,0.54,91.5,False,True
DLF,2026-07-17,False,0.445,41.7,656.8,670.3,TARGET_2,2.06,2.5,True,True,4.31,87.7,True,True
DLF,2026-07-21,False,0.667,23.8,672.6,667.77,STOP_LOSS,-0.72,-1.0,False,False,3.37,90.5,True,True
DLF,2026-07-27,False,0.616,5.5,647.65,644.93,STOP_LOSS,-0.42,-1.0,False,False,0.21,83.3,False,True
DLF,2026-07-28,False,0.388,76.6,658.85,658.85,STOP_LOSS,0.0,-1.0,False,False,1.49,68.5,False,True
DLF,2026-07-29,False,0.546,45.7,670.8,670.3,EOD_LOSS,-0.07,-0.11,False,False,5.66,65.9,True,True
DLF,2026-07-31,False,0.518,44.1,660.75,658.55,STOP_LOSS,-0.33,-1.0,False,False,0.59,7.7,False,False
DLF,2026-08-03,True,0.116,90.3,669.65,664.65,STOP_LOSS,-0.75,-1.0,False,False,0.87,97.1,False,True
DLF,2026-08-05,False,0.842,92.7,665.05,661.19,STOP_LOSS,-0.58,-1.0,False,False,0.64,42.5,False,False
DLF,2026-08-07,True,0.143,53.9,645.65,642.0,EOD_LOSS,-0.57,-0.84,False,False,0.78,88.7,False,True
DLF,2026-08-10,True,0.145,9.0,651.8,660.0,EOD_PROFIT,1.26,1.31,False,False,3.07,100.0,True,True
DLF,2026-08-13,False,0.874,66.2,663.8,664.0,EOD_PROFIT,0.03,0.04,False,False,4.99,93.4,True,True
DLF,2026-08-19,False,0.468,76.9,670.6,669.9,EOD_LOSS,-0.1,-0.12,False,False,2.55,70.4,True,True
DLF,2026-08-20,False,0.342,18.1,676.85,674.35,STOP_LOSS,-0.37,-1.0,False,False,2.07,55.9,True,True
DLF,2026-08-21,True,0.084,1.1,683.05,679.35,STOP_LOSS,-0.54,-1.0,False,False,1.77,46.2,True,False
DLF,2026-08-24,True,0.189,36.8,683.75,683.75,STOP_LOSS,0.0,-1.0,False,False,3.59,87.5,True,True
DLF,2026-08-27,False,0.862,38.6,682.4,677.52,STOP_LOSS,-0.72,-1.0,False,False,1.02,93.7,False,True
DLF,2026-08-28,False,0.466,38.8,681.2,677.76,STOP_LOSS,-0.5,-1.0,False,False,2.75,75.3,True,True
DLF,2026-09-03,False,1.101,18.1,681.2,681.2,STOP_LOSS,0.0,-1.0,False,False,1.58,80.6,False,True
DLF,2026-09-04,True,0.037,25.2,686.95,683.38,STOP_LOSS,-0.52,-1.0,False,False,2.19,92.0,True,True
DLF,2026-09-17,False,0.306,63.4,628.7,637.15,TARGET_2,1.34,2.5,True,True,1.0,95.9,False,True
DLF,2026-09-18,False,0.671,88.2,648.25,648.25,STOP_LOSS,0.0,-1.0,False,False,1.32,70.6,False,True
DLF,2026-09-21,False,0.281,63.2,652.5,650.12,STOP_LOSS,-0.36,-1.0,False,False,2.14,80.6,True,True
DLF,2026-09-23,False,0.397,100.0,675.25,675.25,STOP_LOSS,0.0,-1.0,False,False,2.14,56.5,True,True
DLF,2026-09-24,True,0.049,37.9,675.65,671.06,STOP_LOSS,-0.68,-1.0,False,False,0.51,53.8,False,False
DLF,2026-09-25,False,0.354,53.0,680.35,675.65,STOP_LOSS,-0.69,-1.0,False,False,3.61,80.0,True,True
GODREJPROP,2026-07-08,False,0.341,54.4,2046.3,2046.3,STOP_LOSS,0.0,-1.0,False,False,2.05,99.1,True,True
GODREJPROP,2026-07-09,False,1.118,93.9,2034.5,2024.12,STOP_LOSS,-0.51,-1.0,False,False,3.05,55.1,True,True
GODREJPROP,2026-07-10,False,0.422,45.5,2057.0,2083.97,TARGET_2,1.31,2.5,True,True,0.99,82.6,False,True
GODREJPROP,2026-07-13,False,1.741,33.1,2155.0,2138.35,STOP_LOSS,-0.77,-1.0,False,False,2.03,74.7,True,True
GODREJPROP,2026-07-17,False,0.345,56.2,2120.0,2101.45,STOP_LOSS,-0.88,-1.0,False,False,2.47,97.9,True,True
GODREJPROP,2026-07-21,False,0.702,41.4,2123.9,2140.7,TARGET_2,0.79,2.5,True,True,2.08,21.1,True,False
GODREJPROP,2026-07-28,False,0.743,98.2,2120.2,2120.2,STOP_LOSS,0.0,-1.0,False,False,1.45,71.8,False,True
GODREJPROP,2026-07-29,False,1.105,33.6,2157.9,2151.8,STOP_LOSS,-0.28,-1.0,False,False,1.42,19.2,False,False
GODREJPROP,2026-08-06,True,0.025,28.3,2106.5,2088.3,STOP_LOSS,-0.86,-1.0,False,False,1.62,74.7,True,True
GODREJPROP,2026-08-07,True,0.267,59.8,2104.0,2090.55,STOP_LOSS,-0.64,-1.0,False,False,0.87,63.5,False,True
GODREJPROP,2026-08-10,False,0.505,29.7,2093.3,2108.4,EOD_PROFIT,0.72,0.87,False,False,2.07,100.0,True,True
GODREJPROP,2026-08-13,True,0.101,71.4,2019.1,2028.0,EOD_PROFIT,0.44,0.55,False,False,2.88,73.2,True,True
GODREJPROP,2026-08-20,False,0.564,17.6,2020.6,2038.47,TARGET_2,0.88,2.5,True,True,1.69,51.0,True,False
GODREJPROP,2026-08-24,False,0.294,2.3,2047.5,2040.23,STOP_LOSS,-0.36,-1.0,False,False,5.91,90.4,True,True
GODREJPROP,2026-08-27,False,0.856,33.0,2062.8,2062.8,STOP_LOSS,0.0,-1.0,False,False,0.82,75.2,False,True
GODREJPROP,2026-08-28,False,0.312,66.2,2078.8,2061.09,STOP_LOSS,-0.85,-1.0,False,False,1.3,74.4,False,True
GODREJPROP,2026-09-03,False,1.013,15.4,2013.8,2013.8,STOP_LOSS,0.0,-1.0,False,False,2.02,100.0,True,True
GODREJPROP,2026-09-04,False,0.403,32.5,2020.0,2010.37,STOP_LOSS,-0.48,-1.0,False,False,9.45,88.9,True,True
GODREJPROP,2026-09-17,False,0.383,36.4,1675.0,1689.4,TARGET_2,0.86,2.5,True,True,3.07,81.0,True,True
GODREJPROP,2026-09-18,True,0.078,72.6,1715.4,1704.57,STOP_LOSS,-0.63,-1.0,False,False,0.82,66.9,False,True
GODREJPROP,2026-09-23,False,0.418,67.8,1714.4,1706.03,STOP_LOSS,-0.49,-1.0,False,False,1.39,72.8,False,True
GODREJPROP,2026-09-25,False,0.618,58.7,1693.8,1700.1,EOD_PROFIT,0.37,0.46,False,False,3.95,92.1,True,True
