SYMBOL,DATE1,PREV_CLOSE,CLOSE_PRICE,TTL_TRD_QNTY,TURNOVER_LACS,DELIV_QTY,DELIV_PER,AVG_DELIV_10D,AVG_TURNOVER_10D,DELIV_SPIKE_X,PCT_CHG,COMPANY_NAME,DELIV_TURNOVER_CR
SKFINDUS,2026-09-18,2940.3,2984.2,1293995,38704.6,811274.0,62.7,20483.727272727272,1225.449090909091,39.60578019802859,1.4930449273883493,SKF India (Industrial) Limited,242.67784199999997
GODIGIT,2026-09-18,255.5,239.0,3424067,8269.83,2072171.0,60.52,75235.45454545454,405.4309090909091,27.542479971966795,-6.457925636007827,Go Digit General Insurance Limited,50.049011160000006
EMCURE,2026-09-18,1909.8,2003.8,1744754,34908.05,1140456.0,65.36,79547.63636363637,3132.5363636363636,14.336767905794582,4.921981359304639,Emcure Pharmaceuticals Limited,228.1590148
CENTRALBK,2026-09-18,30.4,31.73,56472458,17821.34,31914466.0,56.51,2534012.0,1499.1290909090908,12.5944415417133,4.375000000000006,Central Bank of India,100.70839233999999
AADHARHFC,2026-09-18,469.35,461.65,2175228,10049.29,1575505.0,72.43,134065.0,1137.469090909091,11.75179950024242,-1.6405667412378917,Aadhar Housing Finance Limited,72.78700747
ORIENTCEM,2026-09-18,122.09,124.55,2828940,3516.04,1849499.0,65.38,163837.54545454544,438.6454545454546,11.28861516369042,2.0149070357932617,Orient Cement Limited,22.98786952
INDIAMART,2026-09-18,1662.7,1646.3,709316,11655.53,556844.0,78.5,50110.90909090909,1885.802727272727,11.112231051122965,-0.9863475070668246,Indiamart Intermesh Limited,91.49591050000001
ROUTE,2026-09-18,492.6,464.4,1118251,5236.64,666063.0,59.56,62557.09090909091,719.0818181818182,10.647282191685267,-5.7247259439707765,ROUTE MOBILE LIMITED,31.189427840000004
JSWINFRA,2026-09-18,326.65,348.25,25470641,88366.29,16474653.0,64.68,1641802.9090909092,9420.469090909091,10.034488859032574,6.612582274605855,JSW Infrastructure Limited,571.55316372
GYFTR,2026-09-18,176.12,171.05,223375,382.68,173595.0,77.71,18592.18181818182,56.81363636363637,9.33698915477669,-2.8787190551896393,Gyftr Limited,2.9738062799999994
MANYAVAR,2026-09-18,567.6,544.25,2133812,11663.81,1277075.0,59.85,138018.27272727274,2105.677272727273,9.252941474811307,-4.113812544045106,Vedant Fashions Limited,69.80790285
ACMESOLAR,2026-09-18,411.3,435.25,12038412,52008.26,7105260.0,59.02,771592.0909090909,8094.513636363636,9.20857028436952,5.823000243131531,Acme Solar Holdings Limited,306.95275052000005
SJS,2026-09-18,2266.0,2422.8,992502,23955.57,605884.0,61.05,67878.45454545454,2958.5272727272727,8.926013475959033,6.919682259488093,S.J.S. Enterprises Limited,146.24875484999998
SYNGENE,2026-09-18,380.2,369.05,2498133,9294.35,1702612.0,68.16,192099.0,1366.1454545454546,8.863200745448962,-2.932667017359279,Syngene International Limited,63.350289599999996
ZFCVINDIA,2026-09-18,2445.2,2387.0,351520,8432.75,258202.0,73.45,29836.363636363636,1345.7436363636364,8.65393662400975,-2.3801734009487907,ZF Commercial Vehicle Control Systems India Limited,61.93854875
ANTHEM,2026-09-18,927.4,928.5,5490000,50985.65,3815599.0,69.5,446186.36363636365,7438.430909090909,8.551581381607766,0.1186111710157454,Anthem Biosciences Limited,354.3502675
CHALET,2026-09-18,842.3,865.65,566679,4891.65,371075.0,65.48,48298.454545454544,878.12,7.682958046841326,2.772171435355577,Chalet Hotels Limited,32.0305242
SCILAL,2026-09-18,38.19,36.83,1140340,421.94,890883.0,78.12,126300.72727272728,78.55363636363636,7.053664846096042,-3.561141660120449,Shipping Corporation of India Land and Assets Limited,3.29619528
JUBLFOOD,2026-09-18,480.2,500.0,2900829,14377.28,1763654.0,60.8,253670.45454545456,2920.2363636363634,6.952540070779016,4.123281965847566,Jubilant Foodworks Limited,87.4138624
STARHEALTH,2026-09-18,560.55,547.05,2515581,13792.21,1777990.0,70.68,256375.45454545456,2501.640909090909,6.935102282518891,-2.4083489430024088,Star Health and Allied Insurance Company Limited,97.48334028000001
CRAFTSMAN,2026-09-18,10937.0,11138.0,207605,23141.22,141171.0,68.0,20705.636363636364,5185.346363636363,6.817998612586823,1.8377982993508273,Craftsman Automation Limited,157.360296
AARTIPHARM,2026-09-18,826.95,820.4,1901494,15632.53,1201820.0,63.2,178995.72727272726,3394.556363636364,6.714238481060747,-0.7920672350202634,Aarti Pharmalabs Limited,98.79758960000001
SHYAMMETL,2026-09-18,1077.0,1100.0,1196160,13143.39,912577.0,76.29,136385.81818181818,2834.2372727272727,6.691142907420393,2.1355617455896008,Shyam Metalics and Energy Limited,100.27092231
METROBRAND,2026-09-18,950.45,940.85,918435,8641.49,583208.0,63.5,90199.27272727272,1018.1363636363635,6.465772753660582,-1.0100478720606052,Metro Brands Limited,54.873461500000005
SMARTWORKS,2026-09-18,519.9,547.35,274681,1501.81,230192.0,83.8,35917.0,324.7609090909091,6.408998524375644,5.279861511829207,Smartworks Coworking Spaces Limited,12.585167799999999
THANGAMAYL,2026-09-18,4811.0,5044.5,386791,19457.66,252288.0,65.23,39512.454545454544,4001.7636363636366,6.385024744787029,4.853460818956558,Thangamayil Jewellery Limited,126.92231618
SUNDARMFIN,2026-09-18,4662.8,4730.6,179114,8444.63,123510.0,68.96,19844.636363636364,1614.361818181818,6.223847982738638,1.454061937033546,Sundaram Finance Limited,58.23416847999999
APOLLOTYRE,2026-09-18,412.15,409.3,2365364,9695.43,1322825.0,55.92,216180.0,2598.0072727272727,6.119090572670922,-0.6914958146305874,Apollo Tyres Limited,54.216844560000006
MEESHO,2026-09-18,207.31,214.44,83376786,178463.17,52055207.0,62.43,8595742.545454545,38772.784545454546,6.055929051472924,3.4392938112006153,Meesho Limited,1114.14557031
BERGEPAINT,2026-09-18,448.6,458.65,1220340,5574.35,803285.0,65.82,133321.0,1298.9545454545455,6.025194830521824,2.2403031654034673,Berger Paints (I) Limited,36.69037169999999
IKS,2026-09-18,1728.9,1779.9,451923,8043.45,335510.0,74.24,57959.545454545456,2169.64,5.7886927402341755,2.949852507374631,Inventurus Knowledge Solutions Limited,59.7145728
ICICIAMC,2026-09-18,3098.0,3206.7,1632087,52000.73,1091172.0,66.86,189043.27272727274,9946.66909090909,5.772075272809111,3.5087153001936677,ICICI Prudential Asset Management Company Limited,347.67688078
BELRISE,2026-09-18,229.37,240.18,10829670,25810.27,6525639.0,60.26,1147128.4545454546,5608.452727272727,5.6886732903733614,4.712909273226665,Belrise Industries Limited,155.53268702000003
BHARTIHEXA,2026-09-18,1481.1,1540.1,307475,4686.05,208156.0,67.7,41044.63636363636,1201.1827272727273,5.07145435900162,3.9835257578826546,Bharti Hexacom Limited,31.724558500000004
CHOLAHLDNG,2026-09-18,1499.2,1507.7,395533,5943.55,241383.0,61.03,47874.181818181816,1360.1818181818182,5.042028726814225,0.5669690501600854,Cholamandalam Financial Holdings Limited,36.273485650000005
CPPLUS,2026-09-18,3378.4,3355.1,880079,29834.33,629303.0,71.51,125484.09090909091,7900.823636363636,5.015002263959575,-0.6896755860762545,Aditya Infotech Limited,213.34529383000006
JUBLINGREA,2026-09-18,633.25,624.9,923659,5728.91,542200.0,58.7,109352.27272727272,1297.1699999999998,4.95828743635041,-1.3185945519147293,Jubilant Ingrevia Limited,33.6287017
LENSKART,2026-09-18,679.95,707.2,25690503,181024.29,16501225.0,64.23,3434596.090909091,39188.59545454545,4.80441500637484,4.007647621148614,Lenskart Solutions Limited,1162.7190146700002
TIMKEN,2026-09-18,3185.1,3124.2,132715,4169.74,77249.0,58.21,16096.0,1121.5136363636364,4.79926689860835,-1.9120278798153933,Timken India Limited,24.272056540000005
RBA,2026-09-18,96.12,95.12,9653090,9177.26,5799849.0,60.08,1238081.8181818181,2757.7845454545454,4.684544199604961,-1.0403662089055348,Restaurant Brands Asia Limited,55.13697808
IIFLCAPS,2026-09-18,336.95,345.1,1665584,5715.55,1108996.0,66.58,237033.54545454544,1255.5709090909093,4.678645791984181,2.4187564920611466,IIFL Capital Services Limited,38.054131899999994
BHAGCHEM,2026-09-18,247.95,246.85,146748,365.33,124540.0,84.87,27466.18181818182,112.33363636363637,4.534303341630038,-0.44363783020770087,Bhagiradha Chemicals & Industries Limited,3.10055571
INDUSINDBK,2026-09-18,958.2,966.3,6250679,60280.04,4656142.0,74.49,1027326.7272727273,17758.11909090909,4.532289364612161,0.8453350031308609,IndusInd Bank Limited,449.02601795999993
ACC,2026-09-18,1232.5,1259.7,386560,4852.96,246221.0,63.7,54593.454545454544,1383.7700000000002,4.510082793808116,2.2068965517241415,ACC Limited,30.9133552
CONCOR,2026-09-18,488.15,504.55,2242132,11147.34,1502403.0,67.01,335852.0,3712.4190909090908,4.4734079296833125,3.3596230666803306,Container Corporation of India Limited,74.69832534
VINATIORGA,2026-09-18,1249.7,1234.9,178913,2215.66,145455.0,81.3,33005.181818181816,742.139090909091,4.4070352589262844,-1.1842842282147679,Vinati Organics Limited,18.013315799999997
HGINFRA,2026-09-18,460.65,442.45,172786,777.06,97666.0,56.52,22568.727272727272,216.96454545454546,4.327492588295953,-3.950938890697925,H.G. Infra Engineering Limited,4.3919431200000005
SHANKARA,2026-09-18,149.29,149.26,461337,687.97,426297.0,92.4,99072.63636363637,175.12818181818182,4.302873282137348,-0.02009511688659732,Shankara Building Products Limited,6.356842800000001
BHARTIARTL,2026-09-18,1836.0,1893.3,14189780,265930.41,12483302.0,87.97,2924509.0,79154.07090909091,4.26851208185716,3.1209150326797364,Bharti Airtel Limited,2339.38981677
GUJENERGY,2026-09-18,239.43,244.64,6160841,15073.16,3871385.0,62.84,919695.3636363636,4175.029090909091,4.209421024689104,2.17600133650753,GUJARAT ENERGY LIMITED,94.71973744
IGL,2026-09-18,148.67,148.56,4539547,6758.68,2920638.0,64.34,715023.0909090909,2370.783636363636,4.08467647707245,-0.07398937243558568,Indraprastha Gas Limited,43.48534712000001
CUBEXTUB,2026-09-18,81.63,85.32,247242,208.17,140599.0,56.87,35191.90909090909,51.98090909090909,3.9952080927692575,4.520396912899667,Cubex Tubings Limited,1.1838627899999998
PREMIERENE,2026-09-18,880.0,902.0,3106714,27810.46,2045868.0,65.85,515752.54545454547,10697.47090909091,3.9667627780623476,2.5,Premier Energies Limited,183.13187909999996
FEDERALBNK,2026-09-18,332.75,332.75,14568034,48139.6,9314058.0,63.93,2348660.4545454546,14470.347272727273,3.9656894558658484,0.0,The Federal Bank  Limited,307.75646279999995
BPCL,2026-09-18,307.0,314.0,9439555,29485.03,7022774.0,74.4,1800306.1818181819,11270.173636363637,3.9008775678965315,2.2801302931596092,Bharat Petroleum Corporation Limited,219.36862320000003
MSUMI,2026-09-18,36.07,35.67,31085866,11104.04,19338030.0,62.21,4996572.0,3634.597272727273,3.8702594498788367,-1.1089548100914848,Motherson Sumi Wiring India Limited,69.07823284
MAXIND,2026-09-18,140.19,152.69,216930,325.12,120671.0,55.63,31361.18181818182,79.20272727272727,3.847782290208219,8.916470504315571,Max India Limited,1.80864256
EUREKAFORB,2026-09-18,391.1,385.3,438600,1692.28,265429.0,60.52,69241.63636363637,551.9054545454545,3.833372721090043,-1.4829966760419357,Eureka Forbes Limited,10.24167856
COROMANDEL,2026-09-18,1929.8,1999.5,302340,6003.63,206678.0,68.36,54127.36363636364,1804.9672727272728,3.818364430022791,3.611773240750339,Coromandel International Limited,41.040814680000004
BIOCON,2026-09-18,380.0,385.0,7901211,30385.98,6325497.0,80.06,1659347.7272727273,14043.543636363638,3.8120382461345024,1.3157894736842104,Biocon Limited,243.27015587999998
TATACOMM,2026-09-18,1791.6,1780.1,713124,12657.31,439570.0,61.64,117913.54545454546,4153.71,3.7279007963461672,-0.641884349185086,Tata Communications Limited,78.01965884
SCHAEFFLER,2026-09-18,3991.0,4217.6,171857,7160.74,106324.0,61.87,28805.545454545456,1756.0381818181816,3.6910948333811984,5.677774993735915,Schaeffler India Limited,44.30349838
CASTROLIND,2026-09-18,191.72,197.14,9615337,18798.46,5533528.0,57.55,1510881.6363636365,4518.783636363636,3.6624497027563314,2.8270394325057313,Castrol India Limited,108.18513730000001
INFY,2026-09-18,1058.6,1051.4,22124953,231854.51,15755453.0,71.21,4306894.454545454,84594.90272727273,3.6581934306218833,-0.6801435858681106,Infosys Limited,1651.03596571
RUSHIL,2026-09-18,15.57,17.26,1882573,320.72,1135515.0,60.32,311369.63636363635,83.7309090909091,3.646839214193245,10.854206807964042,Rushil Decor Limited,1.93458304
LODHA,2026-09-18,1103.1,1144.7,4727259,53449.97,3082611.0,65.21,859886.0,21853.11727272727,3.584906603898656,3.771190281932748,Lodha Developers Limited,348.54725436999996
LGEINDIA,2026-09-18,1652.9,1696.9,1337344,22632.86,980784.0,73.34,274160.54545454547,6910.733636363637,3.577407530955651,2.661988021053905,LG Electronics India Limited,165.98939524000002
ALIVUS,2026-09-18,1387.8,1430.8,304330,4331.73,195156.0,64.13,54584.72727272727,1516.2563636363636,3.5752857942281557,3.0984291684680794,Alivus Life Sciences Limited,27.779384489999998
SHRIPISTON,2026-09-18,4385.4,4576.6,151917,6896.75,93038.0,61.24,26585.545454545456,2248.7727272727275,3.499570853608078,4.359921557896674,SPR Auto Technologies Limited,42.235697
ICEMAKE,2026-09-18,668.9,685.6,53006,361.23,38625.0,72.87,11064.90909090909,135.36545454545455,3.490765236538114,2.4966362685005303,Ice Make Refrigeration Limited,2.6322830100000005
GLAXO,2026-09-18,2799.9,2838.8,125265,3547.64,88399.0,70.57,25945.272727272728,1609.1045454545456,3.4071331964484686,1.3893353334047678,GlaxoSmithKline Pharmaceuticals Limited,25.035695479999994
HINDALCO,2026-09-18,980.5,986.5,8310236,82066.65,5716635.0,68.79,1680877.2727272727,30264.171818181818,3.4009829823712185,0.6119326874043856,Hindalco Industries Limited,564.53648535
WIPRO,2026-09-18,166.4,166.83,23606474,39004.1,13771360.0,58.34,4057899.3636363638,15682.648181818182,3.3937164936636606,0.2584134615384656,Wipro Limited,227.5499194
UNOMINDA,2026-09-18,1205.0,1284.0,1277954,15899.68,845674.0,66.17,249621.18181818182,5636.064545454546,3.387829485624217,6.556016597510374,UNO Minda Limited,105.20818256000001
FORTIS,2026-09-18,886.1,886.0,1928099,17201.31,1446880.0,75.04,428167.1818181818,7630.625454545455,3.379240776595548,-0.01128540796750059,Fortis Healthcare Limited,129.07863024000002
SBFC,2026-09-18,93.32,92.36,1954335,1811.61,1292761.0,66.15,382782.63636363635,850.180909090909,3.3772717913251977,-1.028718388341185,SBFC Finance Limited,11.983800150000002
PETRONET,2026-09-18,283.45,292.6,3218273,9296.01,2600880.0,80.82,774055.7272727273,3817.78,3.3600681557693814,3.2280825542423828,Petronet LNG Limited,75.13035282
PIIND,2026-09-18,2307.0,2366.8,558327,13094.95,417820.0,74.83,126675.90909090909,8324.442727272726,3.2983382791447036,2.592110966623328,PI Industries Limited,97.98951085
SJVN,2026-09-18,64.75,63.95,4062726,2606.56,2782267.0,68.48,846714.1818181818,1445.4381818181819,3.285957717190388,-1.2355212355212313,SJVN Limited,17.84972288
GEEKAYWIRE,2026-09-18,33.46,33.25,814069,277.96,528122.0,64.87,161534.72727272726,88.41272727272727,3.2694022450562277,-0.6276150627615088,Geekay Wires Limited,1.8031265200000002
JLHL,2026-09-18,277.75,280.05,240514,674.45,135386.0,56.29,41829.36363636364,200.58636363636361,3.236625858737772,0.8280828082808321,Jupiter Life Line Hospitals Limited,3.79647905
RADICO,2026-09-18,4380.0,4535.4,371544,16681.31,293872.0,79.09,90894.18181818182,7650.446363636364,3.2331222320460555,3.5479452054794436,Radico Khaitan Limited,131.93248079000003
HOMEFIRST,2026-09-18,1173.3,1241.3,873253,10675.48,499083.0,57.15,154531.18181818182,3027.8054545454547,3.2296588567297095,5.795619193727094,Home First Finance Company India Limited,61.0103682
NESTLEIND,2026-09-18,1370.6,1372.4,3264904,44562.65,2061448.0,63.14,642189.0909090909,15357.782727272726,3.2100327289611665,0.13132934481250416,Nestle India Limited,281.3685721
TITAN,2026-09-18,4841.0,4798.5,1066023,51260.09,755286.0,70.85,237722.27272727274,21707.02,3.177178105084428,-0.8779177855814915,Titan Company Limited,363.1777376499999
GMRAIRPORT,2026-09-18,95.04,99.3,21945461,21419.55,15970769.0,72.77,5040883.545454546,8850.488181818182,3.1682479581185974,4.482323232323222,GMR AIRPORTS LIMITED,155.87006535
AIIL,2026-09-18,527.2,559.0,762508,4213.93,444779.0,58.33,143855.81818181818,6610.438181818181,3.091838798190613,6.0318664643399,Authum Investment & Infrastructure Limited,24.57985369
KIMS,2026-09-18,791.85,809.85,1242321,9995.45,760029.0,61.18,247119.63636363635,3006.6036363636363,3.075550818962917,2.273157795036939,Krishna Institute of Medical Sciences Limited,61.15216310000001
IPCALAB,2026-09-18,1970.3,2009.6,527501,10568.37,361636.0,68.56,118496.63636363637,4436.261818181819,3.051867218325338,1.9946201086128994,IPCA Laboratories Limited,72.45674472
LTTS,2026-09-18,3324.3,3347.5,103280,3442.58,65740.0,63.65,21586.545454545456,1666.1699999999998,3.0454154944999408,0.6978912853833835,L&T Technology Services Limited,21.9120217
AJANTPHARM,2026-09-18,3500.5,3563.6,201322,7197.82,120230.0,59.72,39537.09090909091,2363.2654545454548,3.040941992329412,1.8025996286244799,Ajanta Pharma Limited,42.98538103999999
UPL,2026-09-18,554.75,580.0,3779171,21494.29,3050593.0,80.72,1008017.0,9909.278181818181,3.0263309051335443,4.5515998197386205,UPL Limited,173.50190888
NAVINFLUOR,2026-09-18,8220.0,8590.0,298599,25335.53,177828.0,59.55,59241.545454545456,10293.050000000001,3.001744782914938,4.5012165450121655,Navin Fluorine International Limited,150.87308115
TVSMOTOR,2026-09-18,4101.7,4171.3,1304681,54452.99,954162.0,73.13,319828.2727272727,24678.00818181818,2.983357261894238,1.6968574005900083,TVS Motor Company Limited,398.2147158699999
TATACAP,2026-09-18,343.65,351.35,2404143,8409.91,1482206.0,61.65,499406.7272727273,3100.6654545454544,2.967933588108363,2.2406518259857546,Tata Capital Limited,51.847095149999994
JSWENERGY,2026-09-18,512.0,526.0,3397652,17557.6,2484988.0,73.14,841215.0,8285.587272727273,2.9540462307495705,2.734375,JSW Energy Limited,128.4162864
NAZARA,2026-09-18,362.55,369.35,3038750,11260.57,1732182.0,57.0,590473.0909090909,4148.229090909092,2.9335494312418824,1.8756033650530992,Nazara Technologies Limited,64.185249
KARURVYSYA,2026-09-18,331.5,332.15,3218547,10757.29,1942371.0,60.35,662639.6363636364,4674.891818181818,2.9312629269494623,0.19607843137254216,Karur Vysya Bank Limited,64.92024515000001
ENRIN,2026-09-18,3109.1,3228.0,740325,23687.2,494927.0,66.85,170874.27272727274,11040.79909090909,2.896439540608539,3.8242578238075358,Siemens Energy India Limited,158.348932
JMFINANCIL,2026-09-18,122.51,126.3,5637377,7064.72,3421389.0,60.69,1187256.3636363635,3397.3172727272727,2.881760927792267,3.093625010203242,JM Financial Limited,42.87578568
TCS,2026-09-18,2190.0,2105.0,6875428,145618.29,3972356.0,57.78,1379969.4545454546,64365.41818181818,2.878582556241034,-3.881278538812785,Tata Consultancy Services Limited,841.3824796200001
ABCAPITAL,2026-09-18,390.0,410.05,4888619,19711.99,3053891.0,62.47,1072312.9090909092,8410.59090909091,2.8479476224799374,5.141025641025644,Aditya Birla Capital Limited,123.14080153
ADANIPORTS,2026-09-18,1738.3,1824.0,4148803,74139.05,3187106.0,76.82,1137882.7272727273,35024.66454545454,2.8009090248156263,4.9301041247195565,Adani Ports and Special Economic Zone Limited,569.5361820999999
CESC,2026-09-18,141.56,141.53,3878798,5480.78,2729511.0,70.37,975071.9090909091,2999.5845454545456,2.7992920055966035,-0.021192427239333945,CESC Limited,38.56824886
UNITDSPR,2026-09-18,1390.0,1371.0,842151,11629.25,706325.0,83.87,252679.81818181818,6215.024545454546,2.7953360307223156,-1.3669064748201438,United Spirits Limited,97.53451975
SHK,2026-09-18,138.67,137.04,865394,1192.26,536197.0,61.96,192666.72727272726,559.2509090909091,2.7830285363232035,-1.175452513160738,S H Kelkar and Company Limited,7.387242960000001
DRREDDY,2026-09-18,1175.0,1185.0,3002566,35793.22,1743201.0,58.06,633617.0909090909,14932.988181818182,2.751189993153307,0.851063829787234,Dr. Reddy's Laboratories Limited,207.81543532
GRAVITA,2026-09-18,1611.6,1598.4,377745,6058.9,216918.0,57.42,79080.72727272728,2788.289090909091,2.742994500441436,-0.819061801935953,Gravita India Limited,34.7902038
IRB,2026-09-18,18.85,18.48,21372707,3972.8,14644687.0,68.52,5353855.909090909,3318.3618181818183,2.735353219935029,-1.962864721485416,IRB Infrastructure Developers Limited,27.221625599999996
TMCV,2026-09-18,436.1,442.9,13129939,57641.26,7908093.0,60.23,2891979.3636363638,24722.097272727275,2.7344915041359057,1.5592753955514687,Tata Motors Limited,347.17330898
NIVABUPA,2026-09-18,79.6,79.59,1273196,1014.33,857729.0,67.37,316885.9090909091,492.4681818181818,2.7067438954943634,-0.012562814070340333,Niva Bupa Health Insurance Company Limited,6.833541210000001
JINDALSTEL,2026-09-18,1128.4,1119.5,1056818,11912.35,693935.0,65.66,259755.54545454544,7486.222727272727,2.6714925326644527,-0.7887274016306354,JINDAL STEEL LIMITED,78.2164901
AURUM,2026-09-18,221.11,219.78,149650,329.12,128769.0,86.05,48861.818181818184,176.17454545454547,2.635370618441616,-0.6015105603545803,Aurum PropTech Limited,2.8320776
TMPV,2026-09-18,314.5,303.8,18037112,54952.02,10065798.0,55.81,3843664.1818181816,26653.400909090906,2.618802664294814,-3.402225755166928,Tata Motors Passenger Vehicles Limited,306.68722362
MOTHERSON,2026-09-18,161.87,162.57,19068300,31208.12,14523618.0,76.17,5547602.636363637,16183.56,2.617998972168633,0.4324457898313391,Samvardhana Motherson International Limited,237.71225004
WAAREEENER,2026-09-18,2473.0,2560.7,1224265,30997.87,717931.0,58.64,274529.45454545453,15339.167272727273,2.615132868670492,3.546300040436709,Waaree Energies Limited,181.77150968
CAMLINFINE,2026-09-18,99.63,97.28,1375944,1348.42,814653.0,59.21,318654.2727272727,697.8309090909091,2.556541900498032,-2.3587272909766077,Camlin Fine Sciences Limited,7.98399482
ABB,2026-09-18,7130.5,7270.5,383030,27671.62,220700.0,57.62,86722.54545454546,12498.092727272726,2.5448976254470894,1.9633966762499122,ABB India Limited,159.44387443999997
NTPCGREEN,2026-09-18,87.58,88.55,4164366,3663.66,2315134.0,55.59,914270.4545454546,1504.9109090909092,2.532220076116327,1.1075588033797659,NTPC Green Energy Limited,20.36628594
BALKRISIND,2026-09-18,2170.8,2265.3,616772,13860.28,392708.0,63.67,155586.18181818182,6535.07909090909,2.524054484857267,4.35323383084577,Balkrishna Industries Limited,88.24840276
RUBICON,2026-09-18,1778.3,1751.1,470413,8362.93,285907.0,60.78,113722.72727272728,4104.388181818183,2.514070906111355,-1.5295506944834982,Rubicon Research Limited,50.82988854
TIPSMUSIC,2026-09-18,656.6,657.7,502106,3302.52,302800.0,60.31,120580.63636363637,1639.9563636363637,2.511182633726054,0.16752969844654625,Tips Music Limited,19.917498119999998
DMART,2026-09-18,3711.2,3749.9,881497,32753.03,626100.0,71.03,251805.63636363635,15127.210909090909,2.4864415627926593,1.042789394266013,Avenue Supermarts Limited,232.64477209
LUPIN,2026-09-18,2098.1,2083.0,1194290,24950.0,907759.0,76.01,365480.45454545453,13795.627272727272,2.483741575535068,-0.7196987750822129,Lupin Limited,189.64495
PIDILITIND,2026-09-18,1551.5,1572.1,1142486,18116.19,714295.0,62.52,288048.1818181818,7791.052727272728,2.4797761106885527,1.3277473412826237,Pidilite Industries Limited,113.26241987999998
CYIENT,2026-09-18,1064.0,1073.3,668011,7139.9,375316.0,56.18,151496.63636363635,4061.9863636363634,2.477388336854764,0.8740601503759357,Cyient Limited,40.1119582
LALPATHLAB,2026-09-18,1924.7,1896.9,477275,9115.92,306578.0,64.24,125224.90909090909,6364.650909090909,2.4482189863474737,-1.4443809424845406,Dr. Lal Path Labs Ltd.,58.56067008
J&KBANK,2026-09-18,147.28,146.58,3653479,5399.54,2078629.0,56.89,852738.0,2779.564545454545,2.4375939620375777,-0.4752851711026539,The Jammu & Kashmir Bank Limited,30.717983059999998
GODREJIND,2026-09-18,1127.3,1107.4,114004,1259.43,67909.0,59.57,27932.090909090908,1056.5027272727273,2.431217921387261,-1.765279872261143,Godrej Industries Limited,7.502424510000001
SUNTV,2026-09-18,468.4,451.7,943160,4287.56,595398.0,63.13,245381.9090909091,4207.3,2.426413594245112,-3.565328778821518,Sun TV Network Limited,27.06736628
SBIFUNDS,2026-09-18,540.95,561.35,1779360,9888.89,1176269.0,66.11,484934.1818181818,4779.248181818182,2.425626083089814,3.7711433589056242,SBI Funds Management Limited,65.37545179
ALKEM,2026-09-18,5348.5,5466.5,320770,17211.65,244775.0,76.31,101141.36363636363,8418.141818181817,2.420127544256239,2.206226044685426,Alkem Laboratories Limited,131.34210115000002
APTUS,2026-09-18,239.16,237.68,3101354,7349.41,1964928.0,63.36,812653.6363636364,3405.485454545454,2.417915717195853,-0.6188325806991093,Aptus Value Housing Finance India Limited,46.56586176
SRF,2026-09-18,2536.0,2512.0,401209,10194.3,268409.0,66.9,111204.72727272728,6707.856363636363,2.4136473923606907,-0.9463722397476341,SRF Limited,68.199867
NEULANDLAB,2026-09-18,22665.0,22840.0,75518,17164.97,45008.0,59.6,18670.727272727272,10245.435454545453,2.4106184693589383,0.772115596735054,Neuland Laboratories Limited,102.30322120000001
ASIANPAINT,2026-09-18,2454.0,2451.3,1000730,24549.84,683121.0,68.26,284830.0909090909,12381.63,2.3983456165733257,-0.1100244498777432,Asian Paints Limited,167.57720784
TENNIND,2026-09-18,514.05,517.9,1072952,5571.83,717161.0,66.84,299231.2727272727,2970.588181818182,2.39667797240444,0.7489543818694724,Tenneco Clean Air India Limited,37.24211172
IXIGO,2026-09-18,160.06,165.65,3132025,5207.1,1853179.0,59.17,775736.3636363636,2578.509090909091,2.3889288769614794,3.492440334874424,Le Travenues Technology Limited,30.810410700000002
AWL,2026-09-18,184.04,186.98,2593357,4831.76,1552856.0,59.88,651115.8181818182,2760.8545454545456,2.3849151819659506,1.597478808954574,AWL Agri Business Limited,28.93257888
SUNPHARMA,2026-09-18,1867.3,1837.3,2896860,53588.56,2093616.0,72.27,878267.0,24823.76,2.3838035585989226,-1.6065977614737856,Sun Pharmaceutical Industries Limited,387.28452312
HINDPETRO,2026-09-18,350.6,359.0,6539998,23202.77,4618844.0,70.62,1937713.3636363635,13303.689090909093,2.3836569880140357,2.395892755276662,Hindustan Petroleum Corporation Limited,163.85796174000004
POWERGRID,2026-09-18,263.75,270.3,17896733,47748.38,12946336.0,72.34,5454495.454545454,25078.400909090913,2.3735166905696636,2.483412322274886,Power Grid Corporation of India Limited,345.41178092
IREDA,2026-09-18,108.99,114.32,5072770,5662.12,2840181.0,55.99,1200586.7272727273,3661.5063636363634,2.365660835224959,4.890356913478299,Indian Renewable Energy Development Agency Limited,31.702209880000005
AAVAS,2026-09-18,1291.8,1284.6,164549,2121.69,103909.0,63.15,44079.27272727273,1043.361818181818,2.35732110742629,-0.5573618207152845,Aavas Financiers Limited,13.398472349999999
TMB,2026-09-18,891.45,895.75,242023,2171.41,148416.0,61.32,63497.181818181816,1250.3336363636363,2.3373635766225846,0.4823601996746822,Tamilnad Mercantile Bank Limited,13.315086119999998
NHPC,2026-09-18,75.2,76.95,18275311,13921.38,12686050.0,69.42,5434600.636363637,8161.700909090909,2.334311359535041,2.327127659574468,NHPC Limited,96.64221996
INDHOTEL,2026-09-18,726.65,732.75,3256156,23967.9,1886853.0,57.95,811578.4545454546,10378.146363636364,2.3249175596421923,0.8394687951558554,The Indian Hotels Company Limited,138.89398050000003
AUROPHARMA,2026-09-18,1690.0,1734.0,1209478,20530.86,678997.0,56.14,295778.9090909091,10897.32,2.295623450931408,2.603550295857988,Aurobindo Pharma Limited,115.26024804000001
TRENT,2026-09-18,2789.0,2824.0,925467,25951.73,683320.0,73.84,297898.7272727273,17192.05181818182,2.2937996622403096,1.254930082466834,Trent Limited,191.62757432
OBEROIRLTY,2026-09-18,1740.7,1785.0,766762,13466.53,542086.0,70.7,236477.27272727274,8333.43090909091,2.2923386833253243,2.544953179755268,Oberoi Realty Limited,95.20836710000002
SUPRAJIT,2026-09-18,484.75,499.05,184177,914.82,105288.0,57.17,46892.72727272727,511.5309090909091,2.2452948703035944,2.949974213512122,Suprajit Engineering Limited,5.230025940000001
JTEKTINDIA,2026-09-18,118.87,117.77,217543,258.24,133922.0,61.56,59937.09090909091,130.45636363636365,2.2343760427599846,-0.9253806679565983,Jtekt India Limited,1.5897254400000003
HDFCAMC,2026-09-18,2387.7,2425.0,1040790,25239.46,737672.0,70.88,330374.7272727273,13813.332727272727,2.2328342306614912,1.562172802278351,HDFC Asset Management Company Limited,178.89729248
NMDC,2026-09-18,80.8,79.15,18919633,15163.81,11965410.0,63.24,5360769.909090909,9222.333636363635,2.2320320034084657,-2.0420792079207817,NMDC Limited,95.89593444
M&M,2026-09-18,3076.5,3052.0,2973119,91206.11,2252454.0,75.76,1016247.5454545454,54134.7,2.2164422537350643,-0.7963594994311717,Mahindra & Mahindra Limited,690.97748936
ASTRAL,2026-09-18,1398.9,1427.7,1389183,19608.53,910419.0,65.54,411109.0,10115.19090909091,2.2145440746857887,2.0587604546429303,Astral Limited,128.51430562000002
MONTECARLO,2026-09-18,554.7,553.05,129704,716.51,82374.0,63.51,37217.181818181816,371.93545454545455,2.2133325516806757,-0.2974580854516118,Monte Carlo Fashions Limited,4.55055501
BANDHANBNK,2026-09-18,171.5,175.0,20360613,35948.78,12181525.0,59.83,5508291.545454546,20639.496363636365,2.2114887891241377,2.0408163265306123,Bandhan Bank Limited,215.08155073999998
IOC,2026-09-18,134.27,137.0,11505787,15661.16,8022320.0,69.72,3661986.6363636362,9197.64,2.190701604516555,2.033216653012579,Indian Oil Corporation Limited,109.18960752000001
JSWSTEEL,2026-09-18,1253.4,1275.6,2378010,30260.15,1576365.0,66.29,721478.5454545454,17442.606363636365,2.1849090453644187,1.7711823839157346,JSW Steel Limited,200.59453435000003
JSL,2026-09-18,724.45,750.95,2671236,19933.56,1590149.0,59.53,732752.0,11475.924545454545,2.1701053016573137,3.65794740837877,Jindal Stainless Limited,118.66448268000002
MPHASIS,2026-09-18,2320.0,2300.4,650262,14901.88,357904.0,55.04,165520.45454545456,8616.531818181818,2.1622946903019398,-0.8448275862068927,MphasiS Limited,82.01994751999999
GROWW,2026-09-18,187.44,191.76,73111303,139391.44,47257322.0,64.64,21942992.545454547,71207.03000000001,2.1536407079438793,2.304737516005118,Billionbrains Garage Ventures Limited,901.0262681600001
LAURUSLABS,2026-09-18,1948.1,1954.0,2655873,52252.95,1851023.0,69.7,861943.5454545454,33752.829090909094,2.1474991137892494,0.3028591961398332,Laurus Labs Limited,364.20306150000005
SWSOLAR,2026-09-18,179.22,176.06,1209329,2146.99,743716.0,61.5,347596.2727272727,1704.8681818181817,2.1395971658865474,-1.7631960718669772,Sterling and Wilson Renewable Energy Limited,13.203988499999998
WSTCSTPAPR,2026-09-18,716.45,768.3,592182,4435.0,341261.0,57.63,159592.81818181818,2411.61,2.1383230391433656,7.237071672831307,West Coast Paper Mills Limited,25.558905
SBICARD,2026-09-18,636.95,651.15,3242132,20736.95,2224889.0,68.62,1045063.3636363636,13185.431818181818,2.128951293688412,2.229374362194824,SBI Cards and Payment Services Limited,142.2969509
KPIL,2026-09-18,1399.3,1445.5,224766,3228.81,137804.0,61.31,64826.454545454544,1968.6145454545454,2.125737107886651,3.3016508254127093,Kalpataru Projects International Limited,19.795834109999998
ULTRACEMCO,2026-09-18,10764.0,11014.0,458848,50438.0,320335.0,69.81,151286.54545454544,28794.723636363633,2.1174057417832026,2.3225566703827574,UltraTech Cement Limited,352.107678
MAXESTATES,2026-09-18,577.6,594.0,201561,1186.75,168410.0,83.55,79630.45454545454,655.0290909090909,2.11489437001604,2.8393351800553974,Max Estates Limited,9.91529625
BAJAJ-AUTO,2026-09-18,11500.0,11414.0,296757,33970.66,221542.0,74.65,104898.27272727272,22368.96363636364,2.1119699518407877,-0.7478260869565218,Bajaj Auto Limited,253.59097690000007
ARE&M,2026-09-18,795.3,796.0,760908,6069.33,438057.0,57.57,207732.27272727274,3477.0627272727274,2.1087575572579214,0.08801710046523897,Amara Raja Energy & Mobility Limited,34.94113281
ITCHOTELS,2026-09-18,154.33,158.8,2982731,4719.46,1657195.0,55.56,788956.2727272727,2251.953636363636,2.1004903025504698,2.896390850774314,ITC Hotels Limited,26.22131976
TECHM,2026-09-18,1561.0,1537.1,3113722,47841.98,1889780.0,60.69,899760.0,28326.011818181818,2.100315639726149,-1.5310698270339584,Tech Mahindra Limited,290.35297662
ICICIPRULI,2026-09-18,490.5,492.0,2240637,11126.07,1313801.0,58.64,626766.0,6238.089090909092,2.09615869399425,0.3058103975535168,ICICI Prudential Life Insurance Company Limited,65.24327448
GMBREW,2026-09-18,937.05,953.95,70274,670.19,39897.0,56.77,19072.636363636364,328.6518181818182,2.091845051692334,1.8035323622005328,GM Breweries Limited,3.8046686300000006
EQUITASBNK,2026-09-18,72.13,74.09,2395159,1762.67,1521514.0,63.52,730068.9090909091,1021.7190909090909,2.0840690256137715,2.717315957299332,Equitas Small Finance Bank Limited,11.19647984
APLAPOLLO,2026-09-18,2148.5,2270.1,1115754,24627.56,720174.0,64.55,346978.8181818182,14587.823636363637,2.075556092368227,5.659762625087266,APL Apollo Tubes Limited,158.9708998
MARUTI,2026-09-18,12338.0,12103.0,659773,80534.01,430473.0,65.25,208044.0,48022.19454545455,2.06914402722501,-1.9046847138920409,Maruti Suzuki India Limited,525.48441525
ASHOKLEY,2026-09-18,158.62,163.0,17546400,28436.0,12077095.0,68.83,5903691.181818182,20822.46090909091,2.045685424263769,2.7613163535493603,Ashok Leyland Limited,195.72498800000002
ESCORTS,2026-09-18,2830.0,2798.2,81690,2289.58,50113.0,61.35,24879.81818181818,1373.1663636363637,2.0142028222948136,-1.1236749116607838,Escorts Kubota Limited,14.0465733
TATACONSUM,2026-09-18,1013.7,996.0,2076522,20831.08,1384317.0,66.67,691348.0909090909,11848.705454545456,2.002344431413251,-1.7460787215152456,TATA CONSUMER PRODUCTS LIMITED,138.88081036000003
