symbol,signal_date,entry_date,exit_date,entry_price,exit_price,ret_pct,exit_reason,holding_days,deliv_per,deliv_spike_x,company_name
3BBLACKBIO,2026-05-14,2026-05-15,2026-05-18,1370.8,1315.97,-4.0,STOP_LOSS,2,80.47,3.78,3B Blackbio Dx Limited
3MINDIA,2025-11-03,2025-11-04,2025-11-04,33060.0,36366.0,10.0,TARGET_HIT,1,73.22,13.86,3M India Limited
AAATECH,2025-09-24,2025-09-25,2025-09-25,81.9,78.62,-4.0,STOP_LOSS,1,91.38,21.97,AAA Technologies Limited
AAATECH,2026-02-26,2026-02-27,2026-02-27,105.97,101.73,-4.0,STOP_LOSS,1,96.01,4.82,AAA Technologies Limited
AAREYDRUGS,2026-02-11,2026-02-12,2026-02-16,66.75,64.08,-4.0,STOP_LOSS,3,70.32,5.3,Aarey Drugs & Pharmaceuticals Limited
AAREYDRUGS,2026-03-18,2026-03-19,2026-03-19,69.11,66.35,-4.0,STOP_LOSS,1,71.43,3.44,Aarey Drugs & Pharmaceuticals Limited
AAREYDRUGS,2026-08-28,2026-08-31,2026-09-08,90.0,99.0,10.0,TARGET_HIT,7,79.84,3.08,Aarey Drugs & Pharmaceuticals Limited
AAVAS,2025-11-24,2025-11-25,2025-11-27,1651.1,1585.06,-4.0,STOP_LOSS,3,72.61,5.43,Aavas Financiers Limited
ABCOTS,2026-06-22,2026-06-23,2026-06-24,246.5,236.64,-4.0,STOP_LOSS,2,85.32,5.63,A B Cotspin India Limited
ABREL,2025-06-27,2025-06-30,2025-07-04,2397.6,2301.7,-4.0,STOP_LOSS,5,74.51,4.62,Aditya Birla Real Estate Limited
ABSLAMC,2025-05-16,2025-05-19,2025-06-03,707.95,752.3,6.26,TIME_EXIT,12,75.37,3.85,Aditya Birla Sun Life AMC Limited
ACC,2025-11-24,2025-11-25,2025-12-04,1902.0,1825.92,-4.0,STOP_LOSS,8,74.2,27.36,ACC Limited
ACCELYA,2025-01-02,2025-01-03,2025-01-13,1539.0,1477.44,-4.0,STOP_LOSS,7,90.66,4.12,Accelya Solutions India Limited
ACCELYA,2025-04-02,2025-04-03,2025-04-07,1282.0,1230.72,-4.0,STOP_LOSS,3,89.63,4.47,Accelya Solutions India Limited
ACUTAAS,2025-06-20,2025-06-23,2025-06-25,1130.0,1084.8,-4.0,STOP_LOSS,3,75.71,3.34,Acutaas Chemicals Limited
AEGISVOPAK,2026-01-30,2026-02-02,2026-02-02,235.0,225.6,-4.0,STOP_LOSS,1,80.33,8.42,Aegis Vopak Terminals Limited
AETHER,2025-09-29,2025-09-30,2025-10-16,757.0,748.15,-1.17,TIME_EXIT,12,93.7,13.74,Aether Industries Limited
AGIIL,2024-10-31,2024-11-01,2024-11-01,1175.0,1292.5,10.0,TARGET_HIT,1,73.7,24.09,Agi Infra Limited
AGIIL,2025-03-20,2025-03-21,2025-03-21,835.0,918.5,10.0,TARGET_HIT,1,70.75,3.07,Agi Infra Limited
AIAENG,2026-04-15,2026-04-16,2026-04-30,3950.0,3949.6,-0.01,TIME_EXIT,12,80.77,3.95,AIA Engineering Limited
AIIL,2025-03-19,2025-03-20,2025-03-28,1550.0,1705.0,10.0,TARGET_HIT,7,80.59,3.28,Authum Investment & Infrastructure Limited
AIIL,2025-04-21,2025-04-22,2025-04-25,1834.6,1761.22,-4.0,STOP_LOSS,4,79.5,5.42,Authum Investment & Infrastructure Limited
AIIL,2025-04-22,2025-04-23,2025-04-24,1880.5,1805.28,-4.0,STOP_LOSS,2,79.68,10.17,Authum Investment & Infrastructure Limited
AIIL,2026-05-20,2026-05-21,2026-05-26,511.7,491.23,-4.0,STOP_LOSS,4,70.69,3.85,Authum Investment & Infrastructure Limited
AJAXENGG,2026-04-21,2026-04-22,2026-05-07,515.0,550.1,6.82,TIME_EXIT,12,70.27,3.27,Ajax Engineering Limited
ALBERTDAVD,2026-05-06,2026-05-07,2026-05-12,813.95,781.39,-4.0,STOP_LOSS,4,71.24,15.05,Albert David Limited
ALICON,2026-08-06,2026-08-07,2026-08-07,744.4,714.62,-4.0,STOP_LOSS,1,84.68,9.94,Alicon Castalloy Limited
ALIVUS,2026-07-02,2026-07-03,2026-07-08,1165.0,1118.4,-4.0,STOP_LOSS,4,72.56,3.58,Alivus Life Sciences Limited
AMAGI,2026-04-20,2026-04-21,2026-04-28,362.0,398.2,10.0,TARGET_HIT,6,72.26,3.7,Amagi Media Labs Limited
AMANTA,2026-04-02,2026-04-06,2026-04-07,109.0,104.64,-4.0,STOP_LOSS,2,87.35,3.01,Amanta Healthcare Limited
AMBIKCO,2026-02-03,2026-02-04,2026-02-19,1344.0,1349.3,0.39,TIME_EXIT,12,70.17,4.33,Ambika Cotton Mills Limited
AMRUTANJAN,2025-08-18,2025-08-19,2025-09-04,703.05,731.9,4.1,TIME_EXIT,12,73.43,3.55,Amrutanjan Health Care Limited
ANDHRAPAP,2026-02-09,2026-02-10,2026-02-25,68.3,68.36,0.09,TIME_EXIT,12,91.89,10.4,ANDHRA PAPER LIMITED
ANDHRAPAP,2026-02-12,2026-02-13,2026-03-02,68.75,66.95,-2.62,TIME_EXIT,12,70.72,3.22,ANDHRA PAPER LIMITED
ANDHRAPAP,2026-04-08,2026-04-09,2026-04-15,62.26,68.49,10.0,TARGET_HIT,5,85.43,3.17,ANDHRA PAPER LIMITED
ANTHEM,2026-04-08,2026-04-09,2026-04-21,688.05,756.86,10.0,TARGET_HIT,9,85.79,4.14,Anthem Biosciences Limited
APCOTEXIND,2026-04-21,2026-04-22,2026-04-27,402.55,386.45,-4.0,STOP_LOSS,4,72.48,3.37,Apcotex Industries Limited
APLLTD,2026-03-25,2026-03-27,2026-03-27,694.0,666.24,-4.0,STOP_LOSS,1,76.31,3.76,Alembic Pharmaceuticals Limited
APLLTD,2026-05-06,2026-05-07,2026-05-12,795.0,763.2,-4.0,STOP_LOSS,4,79.05,5.16,Alembic Pharmaceuticals Limited
APTECHT,2025-05-23,2025-05-26,2025-05-30,166.6,159.94,-4.0,STOP_LOSS,5,80.65,6.6,Aptech Limited
APTUS,2025-04-21,2025-04-22,2025-04-30,335.0,321.6,-4.0,STOP_LOSS,7,77.26,6.12,Aptus Value Housing Finance India Limited
ARIHANTSUP,2026-08-26,2026-08-27,2026-08-28,263.9,253.34,-4.0,STOP_LOSS,2,82.4,72.96,Arihant Superstructures Limited
ARTEMISMED,2025-11-11,2025-11-12,2025-11-12,257.09,282.8,10.0,TARGET_HIT,1,75.82,3.08,Artemis Medicare Services Limited
ARVINDFASN,2026-04-02,2026-04-06,2026-04-10,435.7,479.27,10.0,TARGET_HIT,5,75.72,3.15,Arvind Fashions Limited
ARVSMART,2025-06-06,2025-06-09,2025-06-18,706.0,677.76,-4.0,STOP_LOSS,8,81.06,28.96,Arvind SmartSpaces Limited
ASIANHOTNR,2025-09-10,2025-09-11,2025-09-11,357.75,343.44,-4.0,STOP_LOSS,1,93.78,35.43,Asian Hotels (North) Limited
ASIANHOTNR,2026-07-03,2026-07-06,2026-07-06,320.65,352.72,10.0,TARGET_HIT,1,75.9,30.83,Asian Hotels (North) Limited
ASIANHOTNR,2026-08-26,2026-08-27,2026-08-31,308.35,339.19,10.0,TARGET_HIT,3,94.76,18.83,Asian Hotels (North) Limited
ASPINWALL,2025-01-23,2025-01-24,2025-01-24,331.0,317.76,-4.0,STOP_LOSS,1,72.96,3.63,Aspinwall and Company Limited
AUBANK,2025-06-02,2025-06-03,2025-06-18,725.0,797.5,10.0,TARGET_HIT,12,70.71,3.75,AU Small Finance Bank Limited
AURIONPRO,2024-10-10,2024-10-11,2024-10-23,1698.0,1630.08,-4.0,STOP_LOSS,9,86.82,5.96,Aurionpro Solutions Limited
AURUM,2026-06-04,2026-06-05,2026-06-08,190.2,182.59,-4.0,STOP_LOSS,2,70.45,3.94,Aurum PropTech Limited
AVALON,2026-02-03,2026-02-04,2026-02-05,1014.05,973.49,-4.0,STOP_LOSS,2,75.74,4.09,Avalon Technologies Limited
AVL,2025-01-08,2025-01-09,2025-01-10,514.2,493.63,-4.0,STOP_LOSS,2,89.24,4.26,Aditya Vision Limited
AVL,2025-03-05,2025-03-06,2025-03-10,465.0,446.4,-4.0,STOP_LOSS,3,94.55,9.41,Aditya Vision Limited
AVL,2026-05-04,2026-05-05,2026-05-11,548.0,526.08,-4.0,STOP_LOSS,5,76.15,3.43,Aditya Vision Limited
AVTNPL,2025-07-14,2025-07-15,2025-07-22,68.05,74.86,10.0,TARGET_HIT,6,74.18,5.72,AVT Natural Products Limited
AYMSYNTEX,2025-06-05,2025-06-06,2025-06-12,246.0,270.6,10.0,TARGET_HIT,5,78.01,3.04,AYM Syntex Limited
BAJAJINDEF,2025-10-07,2025-10-08,2025-10-14,415.0,398.4,-4.0,STOP_LOSS,5,74.03,4.1,Indef Manufacturing Limited
BALAJITELE,2025-05-22,2025-05-23,2025-06-02,82.8,79.49,-4.0,STOP_LOSS,7,71.4,4.52,Balaji Telefilms Limited
BANSALWIRE,2025-04-21,2025-04-22,2025-04-30,369.3,354.53,-4.0,STOP_LOSS,7,76.42,4.71,Bansal Wire Industries Limited
BANSWRAS,2024-12-04,2024-12-05,2024-12-09,150.8,165.88,10.0,TARGET_HIT,3,74.76,7.56,Banswara Syntex Limited
BANSWRAS,2025-03-05,2025-03-06,2025-03-10,135.55,130.13,-4.0,STOP_LOSS,3,94.75,9.98,Banswara Syntex Limited
BAYERCROP,2024-10-01,2024-10-03,2024-10-04,6600.0,6336.0,-4.0,STOP_LOSS,2,81.85,4.01,Bayer Cropscience Limited
BAYERCROP,2024-10-01,2024-10-03,2024-10-04,6600.0,6336.0,-4.0,STOP_LOSS,2,81.85,3.04,Bayer Cropscience Limited
BAYERCROP,2025-06-27,2025-06-30,2025-07-15,6148.0,6359.0,3.43,TIME_EXIT,12,75.12,8.56,Bayer Cropscience Limited
BBL,2026-06-22,2026-06-23,2026-06-29,2922.0,2805.12,-4.0,STOP_LOSS,5,72.19,7.72,Bharat Bijlee Limited
BBOX,2025-01-20,2025-01-21,2025-01-21,658.0,631.68,-4.0,STOP_LOSS,1,87.55,6.16,Black Box Limited
BEEKAY,2026-06-30,2026-07-01,2026-07-02,412.4,395.9,-4.0,STOP_LOSS,2,97.57,33.07,Beekay Steel Industries Limited
BEL,2025-06-20,2025-06-23,2025-07-08,411.0,422.0,2.68,TIME_EXIT,12,78.96,10.28,Bharat Electronics Limited
BHAGERIA,2026-04-24,2026-04-27,2026-04-27,179.0,171.84,-4.0,STOP_LOSS,1,72.91,9.86,Bhageria Industries Limited
BHARATWIRE,2025-11-03,2025-11-04,2025-11-06,213.15,204.62,-4.0,STOP_LOSS,3,73.27,6.09,Bharat Wire Ropes Limited
BIKAJI,2025-08-25,2025-08-26,2025-09-09,799.0,767.04,-4.0,STOP_LOSS,10,75.13,4.61,Bikaji Foods International Limited
BIL,2025-07-09,2025-07-10,2025-07-15,773.5,850.85,10.0,TARGET_HIT,4,80.75,10.05,Bhartiya International Limited
BIL,2025-07-10,2025-07-11,2025-07-14,751.0,826.1,10.0,TARGET_HIT,2,98.87,5.03,Bhartiya International Limited
BIL,2025-07-11,2025-07-14,2025-07-22,827.0,909.7,10.0,TARGET_HIT,7,86.87,3.56,Bhartiya International Limited
BIL,2025-11-04,2025-11-06,2025-11-21,848.0,932.8,10.0,TARGET_HIT,12,72.48,5.4,Bhartiya International Limited
BIL,2025-11-04,2025-11-06,2025-11-21,848.0,932.8,10.0,TARGET_HIT,12,72.48,3.58,Bhartiya International Limited
BIL,2026-02-03,2026-02-04,2026-02-05,925.5,888.48,-4.0,STOP_LOSS,2,73.26,4.29,Bhartiya International Limited
BIL,2026-08-04,2026-08-05,2026-08-20,813.8,834.55,2.55,TIME_EXIT,12,79.41,9.37,Bhartiya International Limited
BIRLACORPN,2025-05-12,2025-05-13,2025-05-28,1311.9,1377.0,4.96,TIME_EXIT,12,90.65,9.77,Birla Corporation Limited
BLACKBUCK,2025-03-27,2025-03-28,2025-04-02,429.95,412.75,-4.0,STOP_LOSS,3,75.43,3.05,BLACKBUCK LIMITED
BLACKBUCK,2025-05-26,2025-05-27,2025-05-28,468.85,450.1,-4.0,STOP_LOSS,2,82.81,6.53,BLACKBUCK LIMITED
BLACKBUCK,2025-07-25,2025-07-28,2025-08-01,464.95,446.35,-4.0,STOP_LOSS,5,70.09,3.58,BLACKBUCK LIMITED
BLSE,2026-06-29,2026-06-30,2026-07-01,234.7,258.17,10.0,TARGET_HIT,2,70.42,4.48,BLS E-Services Limited
BMWVENTLTD,2026-02-03,2026-02-04,2026-02-12,59.27,56.9,-4.0,STOP_LOSS,7,70.74,4.38,BMW Ventures Limited
BORANA,2025-09-08,2025-09-09,2025-09-24,222.0,216.74,-2.37,TIME_EXIT,12,79.55,3.28,Borana Weaves Limited
BORANA,2026-05-26,2026-05-27,2026-06-02,329.8,316.61,-4.0,STOP_LOSS,5,92.02,4.05,Borana Weaves Limited
BUILDPRO,2026-03-06,2026-03-09,2026-03-09,1000.0,960.0,-4.0,STOP_LOSS,1,82.71,6.8,Shankara Buildpro Limited
BUILDPRO,2026-05-07,2026-05-08,2026-05-08,1146.0,1100.16,-4.0,STOP_LOSS,1,80.07,5.14,Shankara Buildpro Limited
BUILDPRO,2026-07-06,2026-07-07,2026-07-08,1035.5,994.08,-4.0,STOP_LOSS,2,74.09,10.06,Shankara Buildpro Limited
BUTTERFLY,2025-07-17,2025-07-18,2025-07-31,745.0,715.2,-4.0,STOP_LOSS,10,70.72,12.62,Butterfly Gandhimathi Appliances Limited
BYKE,2024-10-30,2024-10-31,2024-11-01,69.5,76.45,10.0,TARGET_HIT,2,77.18,9.06,The Byke Hospitality Ltd
BYKE,2025-04-24,2025-04-25,2025-04-25,82.5,79.2,-4.0,STOP_LOSS,1,73.97,4.46,The Byke Hospitality Ltd
CAMPUS,2026-02-10,2026-02-11,2026-02-13,283.45,272.11,-4.0,STOP_LOSS,3,82.81,5.35,Campus Activewear Limited
CANTABIL,2025-10-27,2025-10-28,2025-11-06,255.9,245.66,-4.0,STOP_LOSS,8,72.91,5.11,Cantabil Retail India Limited
CARERATING,2026-04-17,2026-04-20,2026-04-24,1612.8,1548.29,-4.0,STOP_LOSS,5,82.12,6.44,CARE Ratings Limited
CARRARO,2025-10-03,2025-10-06,2025-10-07,476.8,457.73,-4.0,STOP_LOSS,2,77.66,3.37,Carraro India Limited
CARRARO,2026-02-09,2026-02-10,2026-02-13,579.0,555.84,-4.0,STOP_LOSS,4,77.89,6.99,Carraro India Limited
CARRARO,2026-08-28,2026-08-31,2026-09-02,557.8,535.49,-4.0,STOP_LOSS,3,80.62,8.41,Carraro India Limited
CASTROLIND,2025-10-15,2025-10-16,2025-10-29,205.0,196.8,-4.0,STOP_LOSS,10,71.76,3.93,Castrol India Limited
CASTROLIND,2026-09-04,2026-09-07,2026-09-18,191.8,197.14,2.78,TIME_EXIT,10,71.98,3.83,Castrol India Limited
CELLO,2026-04-08,2026-04-09,2026-04-24,424.4,427.45,0.72,TIME_EXIT,12,70.27,3.35,Cello World Limited
CENTUM,2025-11-17,2025-11-18,2025-11-24,2559.7,2457.31,-4.0,STOP_LOSS,5,70.07,6.77,Centum Electronics Limited
CENTURYPLY,2025-02-05,2025-02-06,2025-02-10,868.2,833.47,-4.0,STOP_LOSS,3,71.33,23.11,Century Plyboards (India) Limited
CGCL,2026-03-11,2026-03-12,2026-03-23,167.56,160.86,-4.0,STOP_LOSS,8,82.43,6.13,Capri Global Capital Limited
CHALET,2026-01-01,2026-01-02,2026-01-07,899.0,863.04,-4.0,STOP_LOSS,4,70.24,4.5,Chalet Hotels Limited
CHALET,2026-04-08,2026-04-09,2026-04-24,766.1,797.6,4.11,TIME_EXIT,12,77.06,3.14,Chalet Hotels Limited
CHALET,2026-05-06,2026-05-07,2026-05-12,796.0,764.16,-4.0,STOP_LOSS,4,71.25,6.58,Chalet Hotels Limited
CHEMBOND,2024-12-18,2024-12-19,2024-12-20,569.7,626.67,10.0,TARGET_HIT,2,72.98,3.31,Chembond Material Technologies Limited
CHEMPLASTS,2025-09-15,2025-09-16,2025-09-22,439.0,421.44,-4.0,STOP_LOSS,5,74.76,28.88,Chemplast Sanmar Limited
CHEMPLASTS,2026-02-09,2026-02-10,2026-02-10,284.0,312.4,10.0,TARGET_HIT,1,70.27,11.08,Chemplast Sanmar Limited
CHEMPLASTS,2026-07-02,2026-07-03,2026-07-06,212.8,204.29,-4.0,STOP_LOSS,2,76.8,11.41,Chemplast Sanmar Limited
CHEVIOT,2026-05-07,2026-05-08,2026-05-11,1343.0,1289.28,-4.0,STOP_LOSS,2,75.68,3.05,Cheviot Company Limited
CHOLAHLDNG,2025-04-21,2025-04-22,2025-04-28,1970.0,1891.2,-4.0,STOP_LOSS,5,74.24,3.27,Cholamandalam Financial Holdings Limited
CIEINDIA,2025-01-30,2025-01-31,2025-02-11,465.1,446.5,-4.0,STOP_LOSS,8,92.09,16.19,CIE Automotive India Limited
CIEINDIA,2026-01-22,2026-01-23,2026-02-09,413.0,428.95,3.86,TIME_EXIT,12,88.35,7.33,CIE Automotive India Limited
CLEDUCATE,2025-08-11,2025-08-12,2025-08-13,105.0,100.8,-4.0,STOP_LOSS,2,84.77,19.48,CL Educate Limited
COHANCE,2025-07-17,2025-07-18,2025-07-23,1090.0,1046.4,-4.0,STOP_LOSS,4,84.22,3.41,Cohance Lifesciences Limited
CONSOFINVT,2026-02-06,2026-02-09,2026-02-10,216.0,237.6,10.0,TARGET_HIT,2,84.19,3.27,Consolidated Finvest & Holdings Limited
CONSOFINVT,2026-07-08,2026-07-09,2026-07-14,252.0,277.2,10.0,TARGET_HIT,4,71.91,18.21,Consolidated Finvest & Holdings Limited
CONSOFINVT,2026-07-14,2026-07-15,2026-07-15,285.0,273.6,-4.0,STOP_LOSS,1,76.15,4.51,Consolidated Finvest & Holdings Limited
CRAFTSMAN,2025-02-27,2025-02-28,2025-02-28,4181.0,4599.1,10.0,TARGET_HIT,1,73.46,6.44,Craftsman Automation Limited
CRAFTSMAN,2025-06-25,2025-06-26,2025-07-04,5468.5,6015.35,10.0,TARGET_HIT,7,81.26,8.03,Craftsman Automation Limited
CRAMC,2026-04-01,2026-04-02,2026-04-08,229.1,252.01,10.0,TARGET_HIT,5,72.27,3.3,Canara Robeco Asset Management Company Limited
CREST,2024-11-29,2024-12-02,2024-12-06,492.9,473.18,-4.0,STOP_LOSS,5,84.34,9.79,Crest Ventures Limited
CREST,2026-04-10,2026-04-13,2026-04-15,340.0,374.0,10.0,TARGET_HIT,3,97.75,14.31,Crest Ventures Limited
CREST,2026-06-05,2026-06-08,2026-06-16,361.6,397.76,10.0,TARGET_HIT,7,77.6,24.97,Crest Ventures Limited
CRISIL,2025-06-10,2025-06-11,2025-06-16,5525.0,5304.0,-4.0,STOP_LOSS,4,74.73,3.49,Crisil Limited
CSLFINANCE,2025-12-10,2025-12-11,2025-12-22,294.0,323.4,10.0,TARGET_HIT,8,96.96,26.01,CSL Finance Limited
CSLFINANCE,2026-08-31,2026-09-01,2026-09-11,240.0,230.4,-4.0,STOP_LOSS,9,80.76,3.79,CSL Finance Limited
CUB,2025-10-06,2025-10-07,2025-10-21,220.0,226.14,2.79,TIME_EXIT,12,73.04,3.05,City Union Bank Limited
CUBEXTUB,2024-10-15,2024-10-16,2024-10-16,112.42,107.92,-4.0,STOP_LOSS,1,75.1,6.66,Cubex Tubings Limited
CYIENT,2024-11-25,2024-11-26,2024-12-10,1855.0,2040.5,10.0,TARGET_HIT,11,82.64,4.47,Cyient Limited
DABUR,2025-08-20,2025-08-21,2025-08-25,535.95,514.51,-4.0,STOP_LOSS,3,72.47,11.51,Dabur India Limited
DBEIL,2024-11-25,2024-11-26,2024-11-29,155.02,170.52,10.0,TARGET_HIT,4,80.34,11.73,Deepak Builders & Engineers India Limited
DCAL,2025-03-18,2025-03-19,2025-04-04,218.1,209.38,-4.0,STOP_LOSS,12,79.76,4.06,Dishman Carbogen Amcis Limited
DCI,2024-12-31,2025-01-01,2025-01-01,442.5,424.8,-4.0,STOP_LOSS,1,75.24,5.68,Dc Infotech And Communication Limited
DCMNVL,2025-01-17,2025-01-20,2025-01-21,206.1,197.86,-4.0,STOP_LOSS,2,85.66,3.18,DCM Nouvelle Limited
DECCANCE,2024-11-07,2024-11-08,2024-11-13,605.0,580.8,-4.0,STOP_LOSS,4,82.56,6.7,Deccan Cements Limited
DECCANCE,2025-02-19,2025-02-20,2025-02-20,677.15,744.86,10.0,TARGET_HIT,1,71.07,6.34,Deccan Cements Limited
DECCANCE,2026-08-25,2026-08-26,2026-09-10,562.45,571.75,1.65,TIME_EXIT,12,73.47,3.78,Deccan Cements Limited
DECCANCE,2026-08-26,2026-08-27,2026-09-11,572.1,573.7,0.28,TIME_EXIT,12,77.77,3.77,Deccan Cements Limited
DEEPAKNTR,2025-09-16,2025-09-17,2025-10-03,1801.0,1851.8,2.82,TIME_EXIT,12,79.46,5.14,Deepak Nitrite Limited
DEVYANI,2025-05-16,2025-05-19,2025-05-21,187.0,179.52,-4.0,STOP_LOSS,3,71.3,11.24,Devyani International Limited
DEVYANI,2025-07-15,2025-07-16,2025-07-29,175.44,168.42,-4.0,STOP_LOSS,10,77.24,5.4,Devyani International Limited
DHANUKA,2025-05-12,2025-05-13,2025-05-15,1336.0,1469.6,10.0,TARGET_HIT,3,79.25,12.53,Dhanuka Agritech Limited
DIAMONDYD,2025-02-05,2025-02-06,2025-02-10,1121.0,1076.16,-4.0,STOP_LOSS,3,95.35,11.71,Prataap Snacks Limited
DIAMONDYD,2025-09-03,2025-09-04,2025-09-04,1041.0,999.36,-4.0,STOP_LOSS,1,73.9,16.03,Prataap Snacks Limited
DIAMONDYD,2025-09-08,2025-09-09,2025-09-10,1029.1,987.94,-4.0,STOP_LOSS,2,83.5,3.76,Prataap Snacks Limited
DIAMONDYD,2025-10-15,2025-10-16,2025-10-31,1040.0,1087.5,4.57,TIME_EXIT,12,76.05,14.59,Prataap Snacks Limited
DIAMONDYD,2025-11-27,2025-11-28,2025-12-09,1088.0,1044.48,-4.0,STOP_LOSS,8,70.67,3.02,Prataap Snacks Limited
DIAMONDYD,2026-06-25,2026-06-29,2026-07-14,1135.8,1195.8,5.28,TIME_EXIT,12,71.08,3.03,Prataap Snacks Limited
DIAMONDYD,2026-08-07,2026-08-10,2026-08-11,1229.8,1180.61,-4.0,STOP_LOSS,2,77.96,6.63,Prataap Snacks Limited
DIFFNKG,2025-12-22,2025-12-23,2026-01-06,331.6,318.34,-4.0,STOP_LOSS,11,71.71,5.45,Diffusion Engineers Limited
DIFFNKG,2026-04-08,2026-04-09,2026-04-13,283.3,271.97,-4.0,STOP_LOSS,3,83.22,4.78,Diffusion Engineers Limited
DIVGIITTS,2025-09-04,2025-09-05,2025-09-12,681.7,654.43,-4.0,STOP_LOSS,6,78.1,6.63,Divgi Torqtransfer Systems Limited
DIVISLAB,2024-12-30,2024-12-31,2025-01-10,6029.4,5788.22,-4.0,STOP_LOSS,9,77.04,8.47,Divi's Laboratories Limited
DJML,2024-12-06,2024-12-09,2024-12-10,184.5,177.12,-4.0,STOP_LOSS,2,72.64,3.19,DJ Mediaprint & Logistics Limited
DODLA,2026-04-28,2026-04-29,2026-04-30,1150.0,1104.0,-4.0,STOP_LOSS,2,79.46,10.44,Dodla Dairy Limited
DOLPHIN,2025-12-16,2025-12-17,2025-12-18,418.25,401.52,-4.0,STOP_LOSS,2,84.45,3.99,Dolphin Offshore Enterprises (India) Limited
DOLPHIN,2026-08-12,2026-08-13,2026-08-13,502.0,481.92,-4.0,STOP_LOSS,1,83.71,34.78,Dolphin Offshore Enterprises (India) Limited
DOMS,2025-06-20,2025-06-23,2025-07-08,2430.0,2425.4,-0.19,TIME_EXIT,12,76.05,3.21,DOMS Industries Limited
EFCIL,2026-02-11,2026-02-12,2026-02-12,276.4,265.34,-4.0,STOP_LOSS,1,79.84,7.94,EFC (I) Limited
EIFFL,2025-04-22,2025-04-23,2025-04-24,187.13,205.84,10.0,TARGET_HIT,2,82.8,6.58,Euro India Fresh Foods Limited
EIFFL,2025-04-23,2025-04-24,2025-04-25,199.01,218.91,10.0,TARGET_HIT,2,84.94,4.43,Euro India Fresh Foods Limited
EIMCOELECO,2026-03-20,2026-03-23,2026-03-30,1534.5,1473.12,-4.0,STOP_LOSS,6,82.24,3.22,Eimco Elecon (India) Limited
ELGIEQUIP,2026-04-22,2026-04-23,2026-05-08,552.3,559.1,1.23,TIME_EXIT,12,70.02,3.03,Elgi Equipments Limited
ELPROINTL,2026-05-07,2026-05-08,2026-05-08,127.1,139.81,10.0,TARGET_HIT,1,87.71,3.91,Elpro International Limited
EMAMIREAL,2024-12-05,2024-12-06,2024-12-10,135.78,149.36,10.0,TARGET_HIT,3,100.0,6.92,Emami Realty Limited
EMAMIREAL,2024-12-09,2024-12-10,2025-03-25,149.68,143.69,-4.0,STOP_LOSS,2,93.82,11.32,Emami Realty Limited
EMAMIREAL,2026-04-24,2026-04-27,2026-04-28,99.99,95.99,-4.0,STOP_LOSS,2,86.87,6.17,Emami Realty Limited
EMCURE,2025-10-03,2025-10-06,2025-10-21,1350.4,1393.0,3.15,TIME_EXIT,12,75.96,3.61,Emcure Pharmaceuticals Limited
EMCURE,2026-01-02,2026-01-05,2026-01-20,1441.9,1535.8,6.51,TIME_EXIT,12,71.16,3.18,Emcure Pharmaceuticals Limited
EMIL,2025-02-03,2025-02-04,2025-02-10,157.39,151.09,-4.0,STOP_LOSS,5,82.08,3.36,Electronics Mart India Limited
EMIL,2026-06-30,2026-07-01,2026-07-02,121.73,133.9,10.0,TARGET_HIT,2,72.08,4.09,Electronics Mart India Limited
EMUDHRA,2026-04-02,2026-04-06,2026-04-07,410.0,451.0,10.0,TARGET_HIT,2,76.23,5.72,eMudhra Limited
EMUDHRA,2026-04-02,2026-04-06,2026-04-07,410.0,451.0,10.0,TARGET_HIT,2,76.23,3.69,eMudhra Limited
ENDURANCE,2026-07-15,2026-07-16,2026-07-24,2760.0,2649.6,-4.0,STOP_LOSS,7,72.28,3.38,Endurance Technologies Limited
EQUITASBNK,2026-06-05,2026-06-08,2026-06-23,73.2,77.08,5.3,TIME_EXIT,12,79.63,6.45,Equitas Small Finance Bank Limited
ETHOSLTD,2024-09-30,2024-10-01,2024-10-03,3469.7,3330.91,-4.0,STOP_LOSS,3,80.38,7.4,Ethos Limited
ETHOSLTD,2025-07-22,2025-07-23,2025-07-24,2952.7,2834.59,-4.0,STOP_LOSS,2,91.14,7.29,Ethos Limited
EUREKAFORB,2025-03-21,2025-03-24,2025-03-25,538.9,517.34,-4.0,STOP_LOSS,2,71.0,11.29,Eureka Forbes Limited
EUROPRATIK,2026-05-20,2026-05-21,2026-05-22,269.15,258.38,-4.0,STOP_LOSS,2,71.08,5.87,Euro Pratik Sales Limited
EVEREADY,2026-01-06,2026-01-07,2026-01-09,340.0,326.4,-4.0,STOP_LOSS,3,79.13,3.26,Eveready Industries India Limited
EXCELINDUS,2026-05-07,2026-05-08,2026-05-11,1044.0,1002.24,-4.0,STOP_LOSS,2,72.27,5.12,Excel Industries Limited
EXIDEIND,2025-08-19,2025-08-20,2025-09-05,395.1,412.75,4.47,TIME_EXIT,12,74.53,14.09,Exide Industries Limited
FAZE3Q,2025-03-26,2025-03-27,2025-04-03,359.6,395.56,10.0,TARGET_HIT,5,75.26,3.8,Faze Three Limited
FAZE3Q,2026-02-03,2026-02-04,2026-02-04,529.9,508.7,-4.0,STOP_LOSS,1,100.0,3.01,Faze Three Limited
FINKURVE,2026-04-22,2026-04-23,2026-04-24,71.95,69.07,-4.0,STOP_LOSS,2,74.08,6.51,Finkurve Financial Services Limited
FINKURVE,2026-06-16,2026-06-17,2026-06-17,73.02,70.1,-4.0,STOP_LOSS,1,76.62,21.95,Finkurve Financial Services Limited
FIVESTAR,2024-12-05,2024-12-06,2024-12-17,650.05,715.06,10.0,TARGET_HIT,8,72.41,3.53,Five-Star Business Finance Limited
FIVESTAR,2025-03-27,2025-03-28,2025-04-01,729.85,700.66,-4.0,STOP_LOSS,2,73.43,3.06,Five-Star Business Finance Limited
FMGOETZE,2024-12-11,2024-12-12,2024-12-18,430.0,412.8,-4.0,STOP_LOSS,5,74.59,4.33,Federal-Mogul Goetze (India) Limited.
FMGOETZE,2025-02-07,2025-02-10,2025-02-11,408.3,391.97,-4.0,STOP_LOSS,2,72.02,3.91,Federal-Mogul Goetze (India) Limited.
FMGOETZE,2026-02-09,2026-02-10,2026-02-11,465.0,446.4,-4.0,STOP_LOSS,2,71.58,3.54,Federal-Mogul Goetze (India) Limited.
FOCUS,2025-03-25,2025-03-26,2025-03-26,88.7,85.15,-4.0,STOP_LOSS,1,77.94,3.69,Focus Lighting and Fixtures Limited
FOODSIN,2026-08-18,2026-08-19,2026-08-26,55.12,52.92,-4.0,STOP_LOSS,6,77.84,3.82,Foods & Inns Limited
FOODSIN,2026-09-02,2026-09-03,2026-09-16,55.18,52.97,-4.0,STOP_LOSS,10,88.37,7.48,Foods & Inns Limited
FORTIS,2024-12-03,2024-12-04,2024-12-18,703.8,675.65,-4.0,STOP_LOSS,11,74.47,3.89,Fortis Healthcare Limited
FUSION,2025-01-17,2025-01-20,2025-01-24,185.0,177.6,-4.0,STOP_LOSS,5,75.79,4.98,Fusion Finance Limited
GALAPREC,2025-12-12,2025-12-15,2025-12-30,747.85,776.65,3.85,TIME_EXIT,12,75.42,3.41,Gala Precision Engineering Limited
GALAPREC,2026-04-27,2026-04-28,2026-05-08,760.4,836.44,10.0,TARGET_HIT,9,79.36,4.67,Gala Precision Engineering Limited
GALAXYSURF,2026-04-29,2026-04-30,2026-04-30,1927.9,1850.78,-4.0,STOP_LOSS,1,83.63,5.15,Galaxy Surfactants Limited
GALLANTT,2025-03-24,2025-03-25,2025-03-27,367.0,352.32,-4.0,STOP_LOSS,3,90.42,14.27,Gallantt Ispat Limited
GANDHITUBE,2026-08-12,2026-08-13,2026-08-28,900.0,898.25,-0.19,TIME_EXIT,12,74.09,3.71,Gandhi Special Tubes Limited
GANECOS,2024-10-09,2024-10-10,2024-10-10,1975.6,2173.16,10.0,TARGET_HIT,1,74.95,5.04,Ganesha Ecosphere Limited
GANESHBE,2026-02-12,2026-02-13,2026-02-13,82.9,79.58,-4.0,STOP_LOSS,1,84.68,5.32,Ganesh Benzoplast Limited
GANESHCP,2026-06-01,2026-06-02,2026-06-02,200.77,220.85,10.0,TARGET_HIT,1,75.62,4.08,Ganesh Consumer Products Limited
GARFIBRES,2024-10-10,2024-10-11,2024-10-21,4017.65,4419.42,10.0,TARGET_HIT,7,84.67,4.83,Garware Technical Fibres Limited
GARFIBRES,2025-07-22,2025-07-23,2025-07-24,965.0,926.4,-4.0,STOP_LOSS,2,79.36,8.29,Garware Technical Fibres Limited
GARFIBRES,2025-10-16,2025-10-17,2025-11-03,776.9,759.2,-2.28,TIME_EXIT,12,87.08,3.64,Garware Technical Fibres Limited
GARFIBRES,2026-05-04,2026-05-05,2026-05-20,637.85,635.2,-0.42,TIME_EXIT,12,78.47,3.84,Garware Technical Fibres Limited
GATEWAY,2025-12-04,2025-12-05,2025-12-08,61.01,58.57,-4.0,STOP_LOSS,2,80.68,7.1,Gateway Distriparks Limited
GEECEE,2025-05-19,2025-05-20,2025-05-21,443.7,425.95,-4.0,STOP_LOSS,2,75.61,4.32,GeeCee Ventures Limited
GICHSGFIN,2025-11-25,2025-11-26,2025-12-03,172.5,165.6,-4.0,STOP_LOSS,6,79.75,10.88,GIC Housing Finance Limited
GICRE,2025-11-26,2025-11-27,2025-12-08,393.45,377.71,-4.0,STOP_LOSS,8,85.61,5.31,General Insurance Corporation of India
GILLANDERS,2024-11-13,2024-11-14,2024-11-14,107.0,102.72,-4.0,STOP_LOSS,1,79.17,8.98,Gillanders Arbuthnot & Company Limited
GILLETTE,2026-09-08,2026-09-09,2026-09-15,7525.0,7224.0,-4.0,STOP_LOSS,5,70.37,3.23,Gillette India Limited
GKWLIMITED,2024-10-30,2024-10-31,2024-11-04,3515.0,3374.4,-4.0,STOP_LOSS,3,71.47,3.23,GKW Limited
GLAND,2025-09-09,2025-09-10,2025-09-25,1931.0,1972.8,2.16,TIME_EXIT,12,85.33,6.4,Gland Pharma Limited
GLAND,2026-05-06,2026-05-07,2026-05-18,1811.9,1993.09,10.0,TARGET_HIT,8,87.1,3.94,Gland Pharma Limited
GNA,2024-12-03,2024-12-04,2024-12-13,430.5,413.28,-4.0,STOP_LOSS,8,71.17,6.33,GNA Axles Limited
GOCLCORP,2025-08-22,2025-08-25,2025-08-25,401.7,385.63,-4.0,STOP_LOSS,1,90.01,21.65,GOCL Corporation Limited
GODIGIT,2025-05-30,2025-06-02,2025-06-02,345.0,331.2,-4.0,STOP_LOSS,1,76.59,3.54,Go Digit General Insurance Limited
GODIGIT,2025-07-14,2025-07-15,2025-07-28,353.4,339.26,-4.0,STOP_LOSS,10,86.21,5.29,Go Digit General Insurance Limited
GODIGIT,2025-08-18,2025-08-19,2025-09-02,367.0,352.32,-4.0,STOP_LOSS,10,76.14,5.41,Go Digit General Insurance Limited
GODREJAGRO,2025-03-05,2025-03-06,2025-03-11,770.0,739.2,-4.0,STOP_LOSS,4,78.77,4.37,Godrej Agrovet Limited
GODREJCP,2025-01-03,2025-01-06,2025-01-21,1122.2,1158.95,3.27,TIME_EXIT,12,87.03,6.4,Godrej Consumer Products Limited
GODREJIND,2024-11-25,2024-11-26,2024-12-11,1057.65,1094.95,3.53,TIME_EXIT,12,80.0,3.91,Godrej Industries Limited
GOODLUCK,2026-01-05,2026-01-06,2026-01-08,1100.3,1056.29,-4.0,STOP_LOSS,3,73.72,3.06,Goodluck India Limited
GREENPANEL,2025-05-13,2025-05-14,2025-05-29,245.95,261.69,6.4,TIME_EXIT,12,85.38,6.72,Greenpanel Industries Limited
GREENPANEL,2025-05-26,2025-05-27,2025-06-09,255.0,280.5,10.0,TARGET_HIT,10,73.7,3.94,Greenpanel Industries Limited
GREENPANEL,2026-04-16,2026-04-17,2026-04-17,226.0,216.96,-4.0,STOP_LOSS,1,74.43,7.12,Greenpanel Industries Limited
GREENPLY,2025-04-11,2025-04-15,2025-05-02,289.45,282.25,-2.49,TIME_EXIT,12,81.34,4.84,Greenply Industries Limited
GRINFRA,2026-04-28,2026-04-29,2026-05-11,913.0,1004.3,10.0,TARGET_HIT,9,76.15,3.35,G R Infraprojects Limited
GRPLTD,2025-05-12,2025-05-13,2025-05-13,2874.6,2759.62,-4.0,STOP_LOSS,1,72.89,6.63,GRP Limited
GRPLTD,2025-05-22,2025-05-23,2025-05-23,3144.9,3019.1,-4.0,STOP_LOSS,1,85.2,5.73,GRP Limited
GRPLTD,2026-09-15,2026-09-16,2026-09-16,2046.2,1964.35,-4.0,STOP_LOSS,1,81.92,23.91,GRP Limited
GRWRHITECH,2026-02-03,2026-02-04,2026-02-04,3936.1,4329.71,10.0,TARGET_HIT,1,91.99,3.43,Garware Hi-Tech Films Limited
GSLSU,2025-03-19,2025-03-20,2025-03-24,109.01,119.91,10.0,TARGET_HIT,3,88.58,4.96,Global Surfaces Limited
GTPL,2025-03-13,2025-03-17,2025-03-21,108.2,119.02,10.0,TARGET_HIT,5,83.4,7.55,GTPL Hathway Limited
GUFICBIO,2025-07-30,2025-07-31,2025-08-01,402.6,386.5,-4.0,STOP_LOSS,2,75.58,7.01,Gufic Biosciences Limited
GUFICBIO,2025-08-20,2025-08-21,2025-08-22,376.6,361.54,-4.0,STOP_LOSS,2,86.82,6.79,Gufic Biosciences Limited
GUFICBIO,2026-03-17,2026-03-18,2026-03-23,293.8,282.05,-4.0,STOP_LOSS,4,80.27,3.78,Gufic Biosciences Limited
GUJALKALI,2025-09-02,2025-09-03,2025-09-18,587.85,614.95,4.61,TIME_EXIT,12,72.19,10.19,Gujarat Alkalies and Chemicals Limited
GUJAPOLLO,2025-01-16,2025-01-17,2025-01-17,391.0,375.36,-4.0,STOP_LOSS,1,79.72,4.39,Gujarat Apollo Industries Limited
GUJAPOLLO,2025-04-03,2025-04-04,2025-04-07,352.1,338.02,-4.0,STOP_LOSS,2,80.41,4.04,Gujarat Apollo Industries Limited
GUJAPOLLO,2025-06-13,2025-06-16,2025-06-18,389.85,374.26,-4.0,STOP_LOSS,3,74.06,6.3,Gujarat Apollo Industries Limited
GUJAPOLLO,2025-08-21,2025-08-22,2025-08-26,482.0,530.2,10.0,TARGET_HIT,3,77.75,3.78,Gujarat Apollo Industries Limited
GUJTHEM,2025-05-14,2025-05-15,2025-05-21,314.7,302.11,-4.0,STOP_LOSS,5,79.63,6.36,Gujarat Themis Biosyn Limited
GUJTHEM,2025-06-09,2025-06-10,2025-06-13,347.85,333.94,-4.0,STOP_LOSS,4,79.82,6.21,Gujarat Themis Biosyn Limited
GVT&D,2025-03-27,2025-03-28,2025-03-28,1606.85,1542.58,-4.0,STOP_LOSS,1,79.99,3.07,GE Vernova T&D India Limited
GYFTR,2026-08-31,2026-09-01,2026-09-03,174.5,191.95,10.0,TARGET_HIT,3,97.37,28.25,Gyftr Limited
HAPPYFORGE,2025-09-17,2025-09-18,2025-09-30,981.45,942.19,-4.0,STOP_LOSS,9,71.3,7.51,Happy Forgings Limited
HAPPYFORGE,2025-11-12,2025-11-13,2025-11-24,1035.0,993.6,-4.0,STOP_LOSS,8,70.97,3.19,Happy Forgings Limited
HAPPYFORGE,2026-06-22,2026-06-23,2026-07-06,1535.8,1474.37,-4.0,STOP_LOSS,10,80.34,4.49,Happy Forgings Limited
HARSHA,2025-05-23,2025-05-26,2025-06-05,391.55,430.71,10.0,TARGET_HIT,9,74.14,12.29,Harsha Engineers International Limited
HATSUN,2025-05-28,2025-05-29,2025-06-13,924.85,981.4,6.11,TIME_EXIT,12,78.35,5.31,Hatsun Agro Product Limited
HCG,2024-10-04,2024-10-07,2024-10-07,428.45,411.31,-4.0,STOP_LOSS,1,71.47,15.39,Healthcare Global Enterprises Limited
HCG,2024-11-05,2024-11-06,2024-11-06,490.0,470.4,-4.0,STOP_LOSS,1,71.31,10.05,Healthcare Global Enterprises Limited
HCG,2025-01-20,2025-01-21,2025-01-27,518.0,497.28,-4.0,STOP_LOSS,5,77.35,3.35,Healthcare Global Enterprises Limited
HCG,2025-03-04,2025-03-05,2025-03-17,515.0,494.4,-4.0,STOP_LOSS,8,73.86,4.34,Healthcare Global Enterprises Limited
HCG,2025-10-16,2025-10-17,2025-10-24,712.0,783.2,10.0,TARGET_HIT,6,77.36,6.58,Healthcare Global Enterprises Limited
HCG,2025-10-17,2025-10-20,2025-10-24,725.0,797.5,10.0,TARGET_HIT,5,71.13,3.48,Healthcare Global Enterprises Limited
HDFCAMC,2026-02-04,2026-02-05,2026-02-20,2725.0,2715.7,-0.34,TIME_EXIT,12,78.8,3.06,HDFC Asset Management Company Limited
HDFCBANK,2024-11-25,2024-11-26,2024-12-11,1810.0,1863.1,2.93,TIME_EXIT,12,81.46,16.38,HDFC Bank Limited
HECPROJECT,2025-05-26,2025-05-27,2025-05-28,138.92,133.36,-4.0,STOP_LOSS,2,71.14,37.02,HEC Infra Projects Limited
HECPROJECT,2026-03-02,2026-03-04,2026-03-05,112.0,123.2,10.0,TARGET_HIT,2,96.35,106.39,HEC Infra Projects Limited
HECPROJECT,2026-03-02,2026-03-04,2026-03-05,112.0,123.2,10.0,TARGET_HIT,2,96.35,9.22,HEC Infra Projects Limited
HESTERBIO,2026-01-07,2026-01-08,2026-01-09,1625.6,1560.58,-4.0,STOP_LOSS,2,84.49,7.66,Hester Biosciences Limited
HEXT,2025-08-25,2025-08-26,2025-08-26,825.4,792.38,-4.0,STOP_LOSS,1,75.14,3.44,Hexaware Technologies Limited
HINDALCO,2025-12-30,2025-12-31,2026-01-14,886.4,955.35,7.78,TIME_EXIT,12,77.79,4.66,Hindalco Industries Limited
HINDWAREAP,2025-10-08,2025-10-09,2025-10-16,339.8,373.78,10.0,TARGET_HIT,6,91.04,3.62,Hindware Home Innovation Limited
HIRECT,2024-10-16,2024-10-17,2024-10-18,1040.0,1144.0,10.0,TARGET_HIT,2,78.37,3.57,Hirect Limited
HISARMETAL,2024-12-20,2024-12-23,2024-12-23,243.89,234.13,-4.0,STOP_LOSS,1,92.32,9.31,Hisar Metal Industries Limited
HLEGLAS,2025-05-20,2025-05-21,2025-05-26,384.0,422.4,10.0,TARGET_HIT,4,84.81,6.18,HLE Glascoat Limited
HNDFDS,2024-12-10,2024-12-11,2024-12-12,585.6,562.18,-4.0,STOP_LOSS,2,88.63,10.69,Hindustan Foods Limited
HNDFDS,2025-02-19,2025-02-20,2025-02-24,567.3,544.61,-4.0,STOP_LOSS,3,81.91,9.67,Hindustan Foods Limited
HOMEFIRST,2025-01-14,2025-01-15,2025-01-22,1055.0,1012.8,-4.0,STOP_LOSS,6,89.38,10.44,Home First Finance Company India Limited
HONASA,2025-03-06,2025-03-07,2025-03-11,219.85,211.06,-4.0,STOP_LOSS,3,80.07,5.38,Honasa Consumer Limited
HONAUT,2025-11-24,2025-11-25,2025-12-08,35800.0,34368.0,-4.0,STOP_LOSS,10,72.88,31.75,Honeywell Automation India Limited
HONDAPOWER,2025-05-20,2025-05-21,2025-05-21,2866.0,2751.36,-4.0,STOP_LOSS,1,98.53,3.13,Honda India Power Products Limited
HYUNDAI,2025-02-03,2025-02-04,2025-02-19,1801.05,1875.95,4.16,TIME_EXIT,12,79.91,4.65,Hyundai Motor India Limited
ICICIPRULI,2026-08-31,2026-09-01,2026-09-07,507.0,486.72,-4.0,STOP_LOSS,5,77.99,4.14,ICICI Prudential Life Insurance Company Limited
ICIL,2026-02-03,2026-02-04,2026-02-04,296.0,325.6,10.0,TARGET_HIT,1,75.39,7.12,Indo Count Industries Limited
ICRA,2024-10-24,2024-10-25,2024-10-25,7145.15,6859.34,-4.0,STOP_LOSS,1,74.1,14.04,ICRA Limited
ICRA,2025-03-19,2025-03-20,2025-04-04,5600.0,5376.0,-4.0,STOP_LOSS,11,95.46,22.36,ICRA Limited
ICRA,2025-05-26,2025-05-27,2025-06-11,6500.5,6644.5,2.22,TIME_EXIT,12,72.18,3.3,ICRA Limited
ICRA,2026-07-10,2026-07-13,2026-07-22,5344.0,5130.24,-4.0,STOP_LOSS,8,73.23,4.16,ICRA Limited
IKS,2026-05-29,2026-06-01,2026-06-16,1670.0,1641.5,-1.71,TIME_EXIT,12,71.18,3.49,Inventurus Knowledge Solutions Limited
IMPAL,2025-06-25,2025-06-26,2025-07-11,1141.3,1136.6,-0.41,TIME_EXIT,12,74.41,12.26,India Motor Parts and Accessories Limited
IMPAL,2026-05-21,2026-05-22,2026-05-29,1135.0,1089.6,-4.0,STOP_LOSS,6,78.05,20.23,India Motor Parts and Accessories Limited
INDIANB,2025-12-30,2025-12-31,2026-01-14,812.9,846.4,4.12,TIME_EXIT,12,72.39,10.32,Indian Bank
INDIASHLTR,2024-12-09,2024-12-10,2024-12-24,685.55,690.4,0.71,TIME_EXIT,12,76.78,3.46,India Shelter Finance Corporation Limited
INDIGO,2025-06-27,2025-06-30,2025-07-15,5840.0,5930.5,1.55,TIME_EXIT,12,73.15,3.06,InterGlobe Aviation Limited
INDIGO,2025-09-29,2025-09-30,2025-10-16,5551.0,5881.0,5.94,TIME_EXIT,12,72.58,25.74,InterGlobe Aviation Limited
INDIQUBE,2026-02-18,2026-02-19,2026-02-24,180.9,173.66,-4.0,STOP_LOSS,4,79.22,4.93,Indiqube Spaces Limited
INDIQUBE,2026-06-16,2026-06-17,2026-06-22,163.5,179.85,10.0,TARGET_HIT,4,87.53,46.31,Indiqube Spaces Limited
INDIQUBE,2026-07-10,2026-07-13,2026-07-14,179.0,171.84,-4.0,STOP_LOSS,2,88.9,7.06,Indiqube Spaces Limited
INDOBORAX,2025-12-09,2025-12-10,2025-12-10,262.9,252.38,-4.0,STOP_LOSS,1,79.98,11.32,Indo Borax & Chemicals Limited
INDOBORAX,2026-04-06,2026-04-07,2026-04-22,253.94,254.5,0.22,TIME_EXIT,12,83.4,3.13,Indo Borax & Chemicals Limited
INDOCO,2024-11-22,2024-11-25,2024-11-27,325.05,312.05,-4.0,STOP_LOSS,3,79.38,4.8,Indoco Remedies Limited
INDOTHAI,2026-03-25,2026-03-27,2026-04-13,284.3,282.75,-0.55,TIME_EXIT,12,74.22,3.74,Indo Thai Securities Limited
INFY,2025-12-22,2025-12-23,2025-12-31,1679.0,1611.84,-4.0,STOP_LOSS,7,75.47,4.67,Infosys Limited
INGERRAND,2024-11-22,2024-11-25,2024-12-10,4535.0,4481.35,-1.18,TIME_EXIT,12,81.4,6.41,Ingersoll Rand (India) Limited
INTENTECH,2026-01-28,2026-01-29,2026-01-29,117.47,112.77,-4.0,STOP_LOSS,1,94.97,7.54,Intense Technologies Limited
INTLCONV,2025-09-02,2025-09-03,2025-09-18,93.39,96.38,3.2,TIME_EXIT,12,73.75,4.03,International Conveyors Limited
INTLCONV,2025-09-04,2025-09-05,2025-09-22,96.0,105.6,10.0,TARGET_HIT,12,78.06,3.34,International Conveyors Limited
IPCALAB,2026-03-25,2026-03-27,2026-04-01,1594.7,1530.91,-4.0,STOP_LOSS,4,81.74,3.86,IPCA Laboratories Limited
IPL,2025-03-19,2025-03-20,2025-03-24,134.05,147.46,10.0,TARGET_HIT,3,87.05,3.36,India Pesticides Limited
ITCHOTELS,2026-04-08,2026-04-09,2026-04-21,151.97,167.17,10.0,TARGET_HIT,9,70.14,5.41,ITC Hotels Limited
IVALUE,2026-05-26,2026-05-27,2026-05-29,250.95,240.91,-4.0,STOP_LOSS,3,87.5,3.55,Ivalue Infosolutions Limited
IXIGO,2025-04-17,2025-04-21,2025-04-22,158.08,151.76,-4.0,STOP_LOSS,2,70.51,4.27,Le Travenues Technology Limited
JAIBALAJI,2026-08-31,2026-09-01,2026-09-02,72.57,69.67,-4.0,STOP_LOSS,2,70.93,5.0,Jai Balaji Industries Limited
JINDALPHOT,2026-07-13,2026-07-14,2026-07-16,1189.5,1141.92,-4.0,STOP_LOSS,3,73.67,9.67,Jindal Photo Limited
JINDALPOLY,2026-09-01,2026-09-02,2026-09-02,714.95,686.35,-4.0,STOP_LOSS,1,71.76,21.64,Jindal Poly Films Limited
JKCEMENT,2024-11-29,2024-12-02,2024-12-11,4289.95,4718.95,10.0,TARGET_HIT,8,72.66,3.78,JK Cement Limited
JKCEMENT,2026-06-17,2026-06-18,2026-07-03,5440.0,5495.5,1.02,TIME_EXIT,12,76.16,3.67,JK Cement Limited
JLHL,2025-02-03,2025-02-04,2025-02-07,1679.6,1612.42,-4.0,STOP_LOSS,4,75.38,5.82,Jupiter Life Line Hospitals Limited
JLHL,2025-06-10,2025-06-11,2025-06-20,1537.7,1476.19,-4.0,STOP_LOSS,8,90.11,13.74,Jupiter Life Line Hospitals Limited
JLHL,2025-09-24,2025-09-25,2025-10-13,1527.0,1547.5,1.34,TIME_EXIT,12,85.05,13.74,Jupiter Life Line Hospitals Limited
JLHL,2026-06-30,2026-07-01,2026-07-16,1425.6,1568.16,10.0,TARGET_HIT,12,73.72,4.56,Jupiter Life Line Hospitals Limited
JPOLYINVST,2025-09-01,2025-09-02,2025-09-02,1069.95,1027.15,-4.0,STOP_LOSS,1,99.98,4.51,Jindal Poly Investment and Finance Company Limited
JPOLYINVST,2026-07-13,2026-07-14,2026-07-22,1116.0,1071.36,-4.0,STOP_LOSS,7,85.03,11.37,Jindal Poly Investment and Finance Company Limited
JPOLYINVST,2026-08-06,2026-08-07,2026-08-14,1070.0,1027.2,-4.0,STOP_LOSS,6,91.2,17.84,Jindal Poly Investment and Finance Company Limited
JSWCEMENT,2026-02-26,2026-02-27,2026-02-27,128.75,123.6,-4.0,STOP_LOSS,1,75.76,8.88,JSW Cement Limited
JSWHL,2025-03-21,2025-03-24,2025-03-26,23159.0,22232.64,-4.0,STOP_LOSS,3,86.25,10.62,JSW Holdings Limited
JSWINFRA,2026-05-07,2026-05-08,2026-05-12,282.45,271.15,-4.0,STOP_LOSS,3,76.19,4.78,JSW Infrastructure Limited
JUBLPHARMA,2025-12-19,2025-12-22,2025-12-30,1082.8,1039.49,-4.0,STOP_LOSS,7,72.06,4.57,Jubilant Pharmova Limited
JUNIPER,2025-09-15,2025-09-16,2025-09-26,301.9,289.82,-4.0,STOP_LOSS,9,86.92,6.91,Juniper Hotels Limited
KAMAHOLD,2026-07-16,2026-07-17,2026-07-28,2613.7,2509.15,-4.0,STOP_LOSS,8,75.41,3.45,Kama Holdings Limited
KAMDHENU,2025-01-02,2025-01-03,2025-01-06,519.95,499.15,-4.0,STOP_LOSS,2,72.03,5.33,Kamdhenu Limited
KANPRPLA,2026-02-11,2026-02-12,2026-02-13,212.9,204.38,-4.0,STOP_LOSS,2,93.18,13.62,Kanpur Plastipack Limited
KANSAINER,2026-04-10,2026-04-13,2026-04-21,188.25,207.08,10.0,TARGET_HIT,7,73.99,3.3,Kansai Nerolac Paints Limited
KARURVYSYA,2025-04-16,2025-04-17,2025-05-05,218.9,210.14,-4.0,STOP_LOSS,11,71.83,4.33,Karur Vysya Bank Limited
KARURVYSYA,2025-08-25,2025-08-26,2025-08-26,229.95,220.75,-4.0,STOP_LOSS,1,74.87,3.36,Karur Vysya Bank Limited
KARURVYSYA,2026-06-29,2026-06-30,2026-07-15,299.8,305.4,1.87,TIME_EXIT,12,70.17,5.5,Karur Vysya Bank Limited
KAYA,2026-08-11,2026-08-12,2026-08-17,289.2,318.12,10.0,TARGET_HIT,4,70.05,3.74,Kaya Limited
KDDL,2026-02-03,2026-02-04,2026-02-13,2410.0,2313.6,-4.0,STOP_LOSS,8,70.95,4.21,KDDL Limited
KHADIM,2025-03-19,2025-03-20,2025-03-26,306.1,293.86,-4.0,STOP_LOSS,5,86.26,5.62,Khadim India Limited
KHADIM,2025-06-05,2025-06-20,2025-06-20,280.0,268.8,-4.0,STOP_LOSS,1,79.62,8.86,Khadim India Limited
KHADIM,2026-06-15,2026-06-16,2026-06-17,106.57,108.41,1.73,TIME_EXIT,2,70.25,3.18,Khadim India Limited
KICL,2025-05-15,2025-05-16,2025-06-02,4900.0,5054.5,3.15,TIME_EXIT,12,70.56,3.26,Kalyani Investment Company Limited
KICL,2026-06-15,2026-06-16,2026-07-01,5198.0,5271.0,1.4,TIME_EXIT,12,85.31,7.16,Kalyani Investment Company Limited
KICL,2026-06-22,2026-06-23,2026-07-08,5399.0,5360.5,-0.71,TIME_EXIT,12,78.08,3.05,Kalyani Investment Company Limited
KIRLFER,2026-05-06,2026-05-07,2026-05-08,468.0,449.28,-4.0,STOP_LOSS,2,72.68,3.44,Kirloskar Ferrous Industries Limited
KIRLOSBROS,2025-03-21,2025-03-24,2025-04-07,1734.05,1664.69,-4.0,STOP_LOSS,10,70.13,13.76,Kirloskar Brothers Limited
KIRLPNU,2024-11-25,2024-11-26,2024-11-29,1613.1,1774.41,10.0,TARGET_HIT,4,72.11,4.5,Kirloskar Pneumatic Company Limited
KIRLPNU,2026-01-27,2026-01-28,2026-02-09,1109.1,1220.01,10.0,TARGET_HIT,9,70.13,3.9,Kirloskar Pneumatic Company Limited
KIRLPNU,2026-01-28,2026-01-29,2026-02-13,1129.0,1140.7,1.04,TIME_EXIT,12,75.24,3.66,Kirloskar Pneumatic Company Limited
KKCL,2025-06-05,2025-06-06,2025-06-09,456.0,501.6,10.0,TARGET_HIT,2,80.23,5.42,Kewal Kiran Clothing Limited
KKCL,2026-07-03,2026-07-06,2026-07-08,512.1,491.62,-4.0,STOP_LOSS,3,74.76,12.47,Kewal Kiran Clothing Limited
KOKUYOCMLN,2025-03-20,2025-03-21,2025-03-25,110.05,105.65,-4.0,STOP_LOSS,3,71.55,3.25,Kokuyo Camlin Limited
KOTAKBANK,2025-03-21,2025-03-24,2025-04-07,2100.0,2016.0,-4.0,STOP_LOSS,10,82.73,5.1,Kotak Mahindra Bank Limited
KOTHARIPET,2025-03-21,2025-03-24,2025-03-25,172.2,165.31,-4.0,STOP_LOSS,2,74.33,5.88,Kothari Petrochemicals Limited
KPIL,2026-04-08,2026-04-09,2026-04-21,1144.5,1258.95,10.0,TARGET_HIT,9,72.92,4.87,Kalpataru Projects International Limited
KRISHANA,2025-03-17,2025-03-18,2025-03-20,226.99,249.69,10.0,TARGET_HIT,3,79.93,3.09,Krishana Phoschem Limited
KRISHIVAL,2026-02-10,2026-02-11,2026-02-11,369.9,355.1,-4.0,STOP_LOSS,1,80.24,9.71,Krishival Foods Limited
KRSNAA,2026-02-03,2026-02-04,2026-02-06,718.2,689.47,-4.0,STOP_LOSS,3,75.43,3.2,Krsnaa Diagnostics Limited
KRYSTAL,2025-11-07,2025-11-10,2025-11-10,577.0,553.92,-4.0,STOP_LOSS,1,83.57,3.78,Krystal Integrated Services Limited
KSB,2025-02-05,2025-02-06,2025-02-07,711.2,682.75,-4.0,STOP_LOSS,2,87.38,5.12,Ksb Limited
LALPATHLAB,2025-04-02,2025-04-03,2025-04-07,2485.0,2385.6,-4.0,STOP_LOSS,3,81.51,5.58,Dr. Lal Path Labs Ltd.
LALPATHLAB,2026-07-06,2026-07-07,2026-07-22,1695.0,1699.0,0.24,TIME_EXIT,12,77.82,3.08,Dr. Lal Path Labs Ltd.
LANDMARK,2026-07-02,2026-07-03,2026-07-08,436.45,418.99,-4.0,STOP_LOSS,4,79.57,3.06,Landmark Cars Limited
LIBERTSHOE,2024-12-16,2024-12-17,2024-12-23,519.75,498.96,-4.0,STOP_LOSS,5,71.64,4.17,Liberty Shoes Limited
LLOYDSENT,2026-04-28,2026-04-29,2026-04-29,71.99,69.11,-4.0,STOP_LOSS,1,79.21,3.81,Lloyds Enterprises Limited
LMW,2025-05-12,2025-05-13,2025-05-28,17150.0,17524.0,2.18,TIME_EXIT,12,71.53,3.01,LMW Limited
LODHA,2025-06-20,2025-06-23,2025-06-27,1477.8,1418.69,-4.0,STOP_LOSS,5,72.19,5.24,Lodha Developers Limited
LOKESHMACH,2025-08-22,2025-08-25,2025-08-25,230.0,220.8,-4.0,STOP_LOSS,1,76.8,8.57,Lokesh Machines Limited
LORDSCHLO,2024-12-09,2024-12-10,2024-12-10,163.1,156.58,-4.0,STOP_LOSS,1,83.12,5.11,Lords Chloro Alkali Limited
LORDSCHLO,2025-07-21,2025-07-22,2025-07-23,228.57,219.43,-4.0,STOP_LOSS,2,84.11,17.06,Lords Chloro Alkali Limited
LUMAXIND,2026-02-04,2026-02-05,2026-02-05,5263.9,5053.34,-4.0,STOP_LOSS,1,82.72,4.91,Lumax Industries Limited
LUXIND,2026-02-09,2026-02-10,2026-02-12,1040.5,998.88,-4.0,STOP_LOSS,3,84.48,16.3,Lux Industries Limited
MAANALU,2025-10-09,2025-10-10,2025-10-13,134.99,129.59,-4.0,STOP_LOSS,2,71.32,4.26,Maan Aluminium Limited
MACPOWER,2024-12-30,2024-12-31,2025-01-02,1537.35,1475.86,-4.0,STOP_LOSS,3,87.16,4.61,Macpower CNC Machines Limited
MAGNUM,2024-11-08,2024-11-11,2024-11-14,52.01,49.93,-4.0,STOP_LOSS,4,74.15,7.82,Magnum Ventures Limited
MAGNUM,2024-11-12,2024-11-13,2024-11-13,53.5,51.36,-4.0,STOP_LOSS,1,70.94,6.28,Magnum Ventures Limited
MAHEPC,2025-06-25,2025-06-26,2025-07-11,145.99,144.28,-1.17,TIME_EXIT,12,71.86,3.74,Mahindra EPC Irrigation Limited
MAHLIFE,2026-07-10,2026-07-13,2026-07-28,378.9,380.25,0.36,TIME_EXIT,12,91.63,13.48,Mahindra Lifespace Developers Limited
MAHLOG,2026-04-15,2026-04-16,2026-04-30,415.0,403.5,-2.77,TIME_EXIT,12,80.29,4.37,Mahindra Logistics Limited
MAHSCOOTER,2026-06-12,2026-06-15,2026-06-30,12400.0,12501.0,0.81,TIME_EXIT,12,77.26,4.97,Maharashtra Scooters Limited
MALLCOM,2026-02-03,2026-02-04,2026-02-18,1147.7,1262.47,10.0,TARGET_HIT,11,83.64,4.52,Mallcom (India) Limited
MALLCOM,2026-04-07,2026-04-08,2026-04-23,1081.1,1087.45,0.59,TIME_EXIT,12,96.52,16.62,Mallcom (India) Limited
MALLCOM,2026-04-08,2026-04-09,2026-04-13,1108.45,1064.11,-4.0,STOP_LOSS,3,93.84,6.48,Mallcom (India) Limited
MANAKCOAT,2024-12-05,2024-12-06,2024-12-06,93.8,90.05,-4.0,STOP_LOSS,1,79.25,3.25,Manaksia Coated Metals & Industries Limited
MANAKSTEEL,2026-08-06,2026-08-07,2026-08-07,88.84,85.29,-4.0,STOP_LOSS,1,73.56,6.27,Manaksia Steels Limited
MANAKSTEEL,2026-08-28,2026-08-31,2026-09-03,99.52,109.47,10.0,TARGET_HIT,4,87.09,7.27,Manaksia Steels Limited
MANALIPETC,2025-03-05,2025-03-06,2025-03-17,61.9,59.42,-4.0,STOP_LOSS,7,80.31,7.32,Manali Petrochemicals Limited
MANBA,2026-06-11,2026-06-12,2026-06-19,121.0,133.1,10.0,TARGET_HIT,6,74.31,6.04,Manba Finance Limited
MANBA,2026-06-12,2026-06-15,2026-06-15,125.01,120.01,-4.0,STOP_LOSS,1,73.25,3.51,Manba Finance Limited
MANGLMCEM,2026-02-16,2026-02-17,2026-02-18,818.0,899.8,10.0,TARGET_HIT,2,76.74,3.97,Mangalam Cement Limited
MANGLMCEM,2026-04-15,2026-04-16,2026-04-30,929.0,922.5,-0.7,TIME_EXIT,12,77.07,4.28,Mangalam Cement Limited
MANORAMA,2025-02-12,2025-02-13,2025-02-14,1099.0,1055.04,-4.0,STOP_LOSS,2,72.87,7.34,Manorama Industries Limited
MARATHON,2025-05-12,2025-05-13,2025-05-23,517.3,496.61,-4.0,STOP_LOSS,9,77.7,3.15,Marathon Nextgen Realty Limited
MARATHON,2025-06-02,2025-06-03,2025-06-09,522.0,574.2,10.0,TARGET_HIT,5,73.41,4.1,Marathon Nextgen Realty Limited
MASFIN,2025-05-07,2025-05-08,2025-05-09,268.0,257.28,-4.0,STOP_LOSS,2,89.72,6.17,MAS Financial Services Limited
MATRIMONY,2025-09-24,2025-09-25,2025-10-13,523.35,513.05,-1.97,TIME_EXIT,12,85.44,20.06,Matrimony.Com Limited
MATRIMONY,2025-09-29,2025-09-30,2025-10-01,554.65,532.46,-4.0,STOP_LOSS,2,75.25,3.66,Matrimony.Com Limited
MATRIMONY,2026-08-06,2026-08-07,2026-08-11,448.05,492.86,10.0,TARGET_HIT,3,78.44,15.15,Matrimony.Com Limited
MATRIMONY,2026-08-07,2026-08-10,2026-08-11,480.0,528.0,10.0,TARGET_HIT,2,79.72,11.76,Matrimony.Com Limited
MAXESTATES,2026-07-10,2026-07-13,2026-07-14,449.0,431.04,-4.0,STOP_LOSS,2,90.04,12.22,Max Estates Limited
MAXIND,2024-10-16,2024-10-17,2024-10-22,268.7,257.95,-4.0,STOP_LOSS,4,79.97,3.36,Max India Limited
MAYURUNIQ,2024-10-09,2024-10-10,2024-10-22,615.9,591.26,-4.0,STOP_LOSS,9,86.61,4.65,Mayur Uniquoters Ltd
MAYURUNIQ,2026-01-23,2026-01-27,2026-02-03,500.7,550.77,10.0,TARGET_HIT,6,80.37,7.02,Mayur Uniquoters Ltd
MAYURUNIQ,2026-01-23,2026-01-27,2026-02-03,500.7,550.77,10.0,TARGET_HIT,6,80.37,4.6,Mayur Uniquoters Ltd
MEDANTA,2025-06-16,2025-06-17,2025-06-18,1221.9,1173.02,-4.0,STOP_LOSS,2,80.85,8.87,Global Health Limited
MEDIASSIST,2025-07-09,2025-07-10,2025-07-18,569.4,546.62,-4.0,STOP_LOSS,7,72.35,3.78,Medi Assist Healthcare Services Limited
MEDICO,2025-12-23,2025-12-24,2025-12-26,56.0,53.76,-4.0,STOP_LOSS,3,71.12,7.36,Medico Remedies Limited
MEDPLUS,2024-11-06,2024-11-07,2024-11-19,677.95,745.75,10.0,TARGET_HIT,8,89.82,6.83,Medplus Health Services Limited
METROBRAND,2026-02-13,2026-02-16,2026-02-25,1070.0,1027.2,-4.0,STOP_LOSS,8,77.2,4.12,Metro Brands Limited
METROPOLIS,2025-06-09,2025-06-10,2025-06-25,1727.7,1708.2,-1.13,TIME_EXIT,12,82.62,4.81,Metropolis Healthcare Limited
METROPOLIS,2026-05-04,2026-05-05,2026-05-08,494.9,544.39,10.0,TARGET_HIT,4,73.15,6.13,Metropolis Healthcare Limited
MFSL,2025-05-23,2025-05-26,2025-06-10,1474.1,1522.9,3.31,TIME_EXIT,12,74.34,4.17,Max Financial Services Limited
MHLXMIRU,2025-05-12,2025-05-13,2025-05-13,236.02,226.58,-4.0,STOP_LOSS,1,73.0,6.67,Mahalaxmi Rubtech Limited
MHLXMIRU,2026-08-12,2026-08-13,2026-08-14,180.0,198.0,10.0,TARGET_HIT,2,82.56,5.53,Mahalaxmi Rubtech Limited
MODIS,2026-04-27,2026-04-28,2026-04-30,388.75,373.2,-4.0,STOP_LOSS,3,77.5,6.95,Modis Navnirman Limited
MODISONLTD,2026-05-25,2026-05-26,2026-05-26,250.01,240.01,-4.0,STOP_LOSS,1,99.25,5.74,MODISON LIMITED
MSUMI,2025-07-07,2025-07-08,2025-07-18,62.5,60.0,-4.0,STOP_LOSS,9,77.62,4.08,Motherson Sumi Wiring India Limited
MUFTI,2026-02-03,2026-02-04,2026-02-09,98.04,107.84,10.0,TARGET_HIT,4,70.25,6.85,Credo Brands Marketing Limited
MUTHOOTFIN,2025-08-04,2025-08-05,2025-08-11,2670.0,2563.2,-4.0,STOP_LOSS,5,79.68,4.17,Muthoot Finance Limited
MWL,2026-04-27,2026-04-28,2026-04-30,302.65,332.92,10.0,TARGET_HIT,3,71.15,4.05,Mangalam Worldwide Limited
NAM-INDIA,2026-03-25,2026-03-27,2026-03-27,865.0,830.4,-4.0,STOP_LOSS,1,74.22,3.15,Nippon Life India Asset Management Limited
NATCAPSUQ,2026-08-03,2026-08-04,2026-08-04,161.0,154.56,-4.0,STOP_LOSS,1,76.59,11.41,Natural Capsules Limited
NATHBIOGEN,2025-05-14,2025-05-15,2025-05-19,174.0,191.4,10.0,TARGET_HIT,3,84.43,6.49,Nath Bio-Genes (India) Limited
NATHBIOGEN,2025-07-04,2025-07-07,2025-10-13,217.05,208.37,-4.0,STOP_LOSS,5,74.14,6.37,Nath Bio-Genes (India) Limited
NAVNETEDUL,2025-06-24,2025-06-25,2025-07-10,142.51,145.0,1.75,TIME_EXIT,12,74.96,3.35,Navneet Education Limited
NBIFIN,2024-11-28,2024-11-29,2024-12-03,3285.0,3613.5,10.0,TARGET_HIT,3,79.28,4.67,N. B. I. Industrial Finance Company Limited
NBIFIN,2026-07-22,2026-07-23,2026-08-04,2250.0,2160.0,-4.0,STOP_LOSS,9,98.0,6.01,N. B. I. Industrial Finance Company Limited
NEOGEN,2024-12-06,2024-12-09,2024-12-10,2185.15,2403.67,10.0,TARGET_HIT,2,70.4,5.31,Neogen Chemicals Limited
NEOGEN,2026-06-02,2026-06-03,2026-06-12,1888.1,2076.91,10.0,TARGET_HIT,8,72.68,3.62,Neogen Chemicals Limited
NESCO,2025-08-18,2025-08-19,2025-09-04,1441.0,1455.7,1.02,TIME_EXIT,12,75.63,10.77,Nesco Limited
NGLFINE,2026-02-04,2026-02-05,2026-02-05,2440.0,2342.4,-4.0,STOP_LOSS,1,82.03,8.29,NGL Fine-Chem Limited
NIBE,2025-09-29,2025-09-30,2025-10-06,1468.9,1410.14,-4.0,STOP_LOSS,4,74.52,4.77,NIBE Limited
NIITMTS,2025-08-05,2025-08-06,2025-08-06,338.2,324.67,-4.0,STOP_LOSS,1,81.04,4.23,NIIT Learning Systems Limited
NIITMTS,2026-01-02,2026-01-05,2026-01-06,414.15,397.58,-4.0,STOP_LOSS,2,82.26,5.0,NIIT Learning Systems Limited
NIITMTS,2026-04-29,2026-04-30,2026-04-30,325.0,312.0,-4.0,STOP_LOSS,1,82.48,3.52,NIIT Learning Systems Limited
NINSYS,2025-03-19,2025-03-20,2025-03-20,519.3,498.53,-4.0,STOP_LOSS,1,95.75,4.42,NINtec Systems Limited
NITCO,2024-10-10,2024-10-11,2024-10-11,93.5,89.76,-4.0,STOP_LOSS,1,71.31,5.59,Nitco Limited
NITCO,2025-03-28,2025-04-01,2025-04-03,121.05,116.21,-4.0,STOP_LOSS,3,90.59,5.41,Nitco Limited
NITCO,2025-04-22,2025-04-23,2025-04-25,127.0,139.7,10.0,TARGET_HIT,3,82.84,25.23,Nitco Limited
NITCO,2025-04-24,2025-04-25,2025-04-29,135.98,130.54,-4.0,STOP_LOSS,3,70.18,3.89,Nitco Limited
NITCO,2025-05-28,2025-05-29,2025-06-04,131.95,145.15,10.0,TARGET_HIT,5,77.99,3.91,Nitco Limited
NRAIL,2025-11-14,2025-11-17,2025-11-17,501.55,481.49,-4.0,STOP_LOSS,1,79.5,3.39,N R Agarwal Industries Limited
NRAIL,2025-12-22,2025-12-23,2025-12-26,498.0,478.08,-4.0,STOP_LOSS,4,76.03,6.8,N R Agarwal Industries Limited
NRL,2026-05-26,2026-05-27,2026-05-29,59.15,65.06,10.0,TARGET_HIT,3,81.82,16.55,Nupur Recyclers Limited
NRL,2026-05-29,2026-06-01,2026-06-01,69.0,66.24,-4.0,STOP_LOSS,1,82.65,4.18,Nupur Recyclers Limited
NTPC,2025-03-21,2025-03-24,2025-04-07,357.0,342.72,-4.0,STOP_LOSS,10,70.32,3.17,NTPC Limited
NUVOCO,2024-10-16,2024-10-17,2024-10-21,363.55,349.01,-4.0,STOP_LOSS,3,78.57,43.03,Nuvoco Vistas Corporation Limited
OFSS,2024-12-19,2024-12-20,2024-12-20,12949.15,12431.18,-4.0,STOP_LOSS,1,73.19,8.24,Oracle Financial Services Software Limited
OMAXAUTO,2026-01-28,2026-01-29,2026-01-29,125.0,120.0,-4.0,STOP_LOSS,1,88.11,13.39,Omax Autos Limited
OMAXAUTO,2026-05-04,2026-05-05,2026-05-06,171.99,189.19,10.0,TARGET_HIT,2,95.56,5.68,Omax Autos Limited
OMFREIGHT,2025-11-17,2025-11-18,2025-11-18,96.55,106.21,10.0,TARGET_HIT,1,90.1,26.26,Om Freight Forwarders Limited
OMFREIGHT,2025-12-19,2025-12-22,2026-01-05,95.48,91.66,-4.0,STOP_LOSS,11,83.52,11.13,Om Freight Forwarders Limited
OMFREIGHT,2026-01-16,2026-01-19,2026-01-20,99.99,95.99,-4.0,STOP_LOSS,2,77.03,22.19,Om Freight Forwarders Limited
OMFREIGHT,2026-06-29,2026-06-30,2026-07-01,94.1,103.51,10.0,TARGET_HIT,2,77.91,8.98,Om Freight Forwarders Limited
ONESOURCE,2025-12-19,2025-12-22,2026-01-06,1709.9,1798.1,5.16,TIME_EXIT,12,74.13,12.7,Onesource Specialty Pharma Limited
ORICONENT,2025-11-03,2025-11-04,2025-11-13,54.72,60.19,10.0,TARGET_HIT,8,83.87,4.35,Oricon Enterprises Limited
ORICONENT,2026-08-18,2026-08-19,2026-08-28,56.79,54.52,-4.0,STOP_LOSS,8,95.03,14.61,Oricon Enterprises Limited
ORIENTELEC,2026-04-17,2026-04-20,2026-05-05,180.0,180.1,0.06,TIME_EXIT,12,72.25,6.17,Orient Electric Limited
PANACHE,2025-09-23,2025-09-24,2025-09-26,366.56,403.22,10.0,TARGET_HIT,3,74.49,4.87,Panache Digilife Limited
PANACHE,2025-09-24,2025-09-25,2026-01-05,384.88,369.48,-4.0,STOP_LOSS,4,82.47,8.26,Panache Digilife Limited
PAR,2024-10-23,2024-10-24,2024-10-24,305.0,292.8,-4.0,STOP_LOSS,1,100.0,4.32,Par Drugs And Chemicals Limited
PARKHOTELS,2024-11-26,2024-11-27,2024-11-29,158.0,173.8,10.0,TARGET_HIT,3,74.18,7.15,Apeejay Surrendra Park Hotels Limited
PASUPTAC,2025-10-29,2025-10-30,2025-10-30,52.7,50.59,-4.0,STOP_LOSS,1,75.32,25.94,Pasupati Acrylon Limited
PDSL,2024-11-25,2024-11-26,2024-12-09,524.8,577.28,10.0,TARGET_HIT,10,74.88,4.23,PDS Limited
PDSL,2025-09-16,2025-09-17,2025-09-29,334.35,320.98,-4.0,STOP_LOSS,9,73.59,3.19,PDS Limited
PFOCUS,2025-04-28,2025-04-29,2025-04-30,104.0,114.4,10.0,TARGET_HIT,2,84.99,7.35,Prime Focus Limited
PGHH,2025-09-02,2025-09-03,2025-09-18,13687.0,13353.0,-2.44,TIME_EXIT,12,85.78,5.83,Procter & Gamble Hygiene and Health Care Limited
PGHH,2025-09-19,2025-09-22,2025-10-08,13778.0,14288.0,3.7,TIME_EXIT,12,71.63,6.45,Procter & Gamble Hygiene and Health Care Limited
PGHL,2024-11-26,2024-11-27,2024-12-12,5255.0,5780.5,10.0,TARGET_HIT,12,90.96,15.41,Procter & Gamble Health Limited
PGHL,2026-04-10,2026-04-13,2026-04-28,4960.0,5112.9,3.08,TIME_EXIT,12,79.76,4.1,Procter & Gamble Health Limited
PGIL,2025-11-07,2025-11-10,2025-11-12,1375.0,1512.5,10.0,TARGET_HIT,3,78.86,6.4,Pearl Global Industries Limited
PIDILITIND,2026-08-31,2026-09-01,2026-09-07,1675.0,1608.0,-4.0,STOP_LOSS,5,72.37,3.28,Pidilite Industries Limited
PILANIINVS,2025-09-18,2025-09-19,2025-10-07,5418.4,5393.0,-0.47,TIME_EXIT,12,74.38,4.95,Pilani Investment and Industries Corporation Limited
PILANIINVS,2025-12-17,2025-12-18,2025-12-26,5299.0,5087.04,-4.0,STOP_LOSS,7,74.92,30.11,Pilani Investment and Industries Corporation Limited
PILANIINVS,2026-03-18,2026-03-19,2026-03-23,4705.0,4516.8,-4.0,STOP_LOSS,3,79.93,4.02,Pilani Investment and Industries Corporation Limited
PITTIENG,2025-03-19,2025-03-20,2025-03-20,1050.0,1008.0,-4.0,STOP_LOSS,1,84.32,4.94,Pitti Engineering Limited
PNGJL,2024-12-03,2024-12-04,2024-12-09,748.45,823.3,10.0,TARGET_HIT,4,72.52,3.52,P N Gadgil Jewellers Limited
PNGSREVA,2026-04-15,2026-04-16,2026-04-23,374.2,411.62,10.0,TARGET_HIT,6,74.99,4.03,PNGS Reva Diamond Jewellery Limited
POKARNA,2026-02-03,2026-02-04,2026-02-04,900.0,990.0,10.0,TARGET_HIT,1,100.0,4.78,Pokarna Limited
POWERGRID,2025-06-20,2025-06-23,2025-07-08,291.4,297.75,2.18,TIME_EXIT,12,78.55,3.56,Power Grid Corporation of India Limited
PPAP,2025-06-02,2025-06-03,2025-06-12,241.35,265.48,10.0,TARGET_HIT,8,78.37,4.86,PPAP Automotive Limited
PRABHA,2025-06-11,2025-06-12,2025-06-13,246.02,236.18,-4.0,STOP_LOSS,2,73.16,12.28,Prabha Energy Limited
PRECOT,2024-11-13,2024-11-14,2024-11-22,536.95,515.47,-4.0,STOP_LOSS,6,85.76,11.92,Precot Limited
PRICOLLTD,2025-04-21,2025-04-22,2025-04-25,461.7,443.23,-4.0,STOP_LOSS,4,82.57,4.58,Pricol Limited
PRIMESECU,2024-12-09,2024-12-10,2024-12-12,308.15,295.82,-4.0,STOP_LOSS,3,70.76,5.55,Prime Securities Limited
PRIMESECU,2025-06-20,2025-06-23,2025-07-04,260.7,286.77,10.0,TARGET_HIT,10,79.34,5.2,Prime Securities Limited
PRIMESECU,2026-01-05,2026-01-06,2026-01-09,285.95,274.51,-4.0,STOP_LOSS,4,89.84,9.1,Prime Securities Limited
PRIMESECU,2026-06-05,2026-06-08,2026-06-08,306.0,293.76,-4.0,STOP_LOSS,1,71.54,8.39,Prime Securities Limited
PRIMESECU,2026-08-07,2026-08-10,2026-08-12,299.1,287.14,-4.0,STOP_LOSS,3,80.31,3.23,Prime Securities Limited
PRUDENT,2025-12-09,2025-12-10,2025-12-24,2660.0,2593.4,-2.5,TIME_EXIT,12,88.42,7.63,Prudent Corporate Advisory Services Limited
PTCIL,2024-12-27,2024-12-30,2024-12-30,13999.7,13439.71,-4.0,STOP_LOSS,1,74.76,4.4,PTC Industries Limited
PYRAMID,2026-04-27,2026-04-28,2026-04-28,181.79,174.52,-4.0,STOP_LOSS,1,81.41,7.49,Pyramid Technoplast Limited
RACE,2025-08-01,2025-08-04,2025-08-05,253.55,243.41,-4.0,STOP_LOSS,2,81.73,21.0,Race Eco Chain Limited
RADIANTCMS,2025-12-22,2025-12-23,2025-12-29,53.97,51.81,-4.0,STOP_LOSS,5,93.41,15.48,Radiant Cash Management Services Limited
RAINBOW,2025-03-24,2025-03-25,2025-03-25,1387.75,1332.24,-4.0,STOP_LOSS,1,80.81,3.37,Rainbow Childrens Medicare Limited
RAINBOW,2026-05-06,2026-05-07,2026-05-22,1299.0,1355.0,4.31,TIME_EXIT,12,84.23,8.25,Rainbow Childrens Medicare Limited
RAMCOCEM,2025-06-25,2025-06-26,2025-07-11,1049.0,1140.6,8.73,TIME_EXIT,12,83.54,4.85,The Ramco Cements Limited
RAMCOCEM,2025-12-10,2025-12-11,2025-12-26,1021.0,1063.2,4.13,TIME_EXIT,12,78.43,3.67,The Ramco Cements Limited
RAMCOSYS,2026-02-03,2026-02-04,2026-02-04,520.0,572.0,10.0,TARGET_HIT,1,83.99,12.14,Ramco Systems Limited
RAMKY,2025-09-15,2025-09-16,2025-09-29,587.35,563.86,-4.0,STOP_LOSS,10,73.1,3.94,Ramky Infrastructure Limited
RAMRAT,2025-02-05,2025-02-06,2025-02-10,581.5,558.24,-4.0,STOP_LOSS,3,78.74,4.56,Ram Ratna Wires Limited
RAMRAT,2026-08-12,2026-08-13,2026-08-17,479.8,460.61,-4.0,STOP_LOSS,3,71.1,3.25,Ram Ratna Wires Limited
RANEHOLDIN,2026-02-11,2026-02-12,2026-02-13,1495.6,1435.78,-4.0,STOP_LOSS,2,70.61,3.04,Rane Holdings Limited
RATEGAIN,2025-05-19,2025-05-20,2025-05-21,508.8,488.45,-4.0,STOP_LOSS,2,75.43,3.4,Rategain Travel Technologies Limited
RATNAMANI,2025-05-26,2025-05-27,2025-05-29,2947.0,2829.12,-4.0,STOP_LOSS,3,88.54,7.4,Ratnamani Metals & Tubes Limited
RATNAMANI,2025-07-07,2025-07-08,2025-07-08,3006.9,2886.62,-4.0,STOP_LOSS,1,76.91,10.55,Ratnamani Metals & Tubes Limited
REDTAPE,2025-07-04,2025-07-07,2025-07-22,131.7,133.08,1.05,TIME_EXIT,12,77.19,10.36,Redtape Limited
RELIANCE,2025-06-20,2025-06-23,2025-07-08,1453.0,1537.6,5.82,TIME_EXIT,12,78.35,4.52,Reliance Industries Limited
RELIGARE,2026-03-25,2026-03-27,2026-03-30,225.0,216.0,-4.0,STOP_LOSS,2,77.58,3.86,Religare Enterprises Limited
RELIGARE,2026-03-25,2026-03-27,2026-03-30,225.0,216.0,-4.0,STOP_LOSS,2,77.58,3.07,Religare Enterprises Limited
REPCOHOME,2026-04-15,2026-04-16,2026-04-30,398.9,407.4,2.13,TIME_EXIT,12,85.32,7.33,Repco Home Finance Limited
REPRO,2024-10-09,2024-10-10,2024-10-15,613.0,588.48,-4.0,STOP_LOSS,4,76.04,4.56,Repro India Limited
REPRO,2026-06-17,2026-06-18,2026-07-03,369.95,361.1,-2.39,TIME_EXIT,12,77.38,5.48,Repro India Limited
RESPONIND,2024-12-03,2024-12-04,2024-12-10,272.35,261.46,-4.0,STOP_LOSS,5,86.68,88.11,Responsive Industries Limited
RESPONIND,2025-12-29,2025-12-30,2026-01-05,204.25,196.08,-4.0,STOP_LOSS,5,81.93,120.62,Responsive Industries Limited
RESPONIND,2026-06-18,2026-06-19,2026-06-23,185.72,204.29,10.0,TARGET_HIT,3,82.0,8.8,Responsive Industries Limited
RGL,2024-12-17,2024-12-18,2024-12-23,180.0,172.8,-4.0,STOP_LOSS,4,70.49,3.23,Renaissance Global Limited
RHL,2025-05-27,2025-05-28,2025-05-28,254.99,244.79,-4.0,STOP_LOSS,1,70.6,21.55,Robust Hotels Limited
RITCO,2026-02-09,2026-02-10,2026-02-12,248.6,238.66,-4.0,STOP_LOSS,3,75.58,7.45,Ritco Logistics Limited
RMDRIP,2025-11-07,2025-11-10,2025-11-11,82.99,79.67,-4.0,STOP_LOSS,2,88.05,5.78,R M Drip and Sprinklers Systems Limited
RNBDENIMS,2025-09-22,2025-09-23,2025-09-23,121.63,116.76,-4.0,STOP_LOSS,1,78.26,9.8,R&B Denims Limited
RNBDENIMS,2026-01-12,2026-01-13,2026-01-13,128.28,123.15,-4.0,STOP_LOSS,1,88.67,11.76,R&B Denims Limited
RNBDENIMS,2026-01-16,2026-01-19,2026-01-19,144.8,159.28,10.0,TARGET_HIT,1,93.9,14.86,R&B Denims Limited
ROSSARI,2025-09-19,2025-09-22,2025-09-22,683.9,656.54,-4.0,STOP_LOSS,1,80.27,7.13,Rossari Biotech Limited
ROSSTECH,2025-01-20,2025-01-21,2025-01-21,475.0,456.0,-4.0,STOP_LOSS,1,81.28,3.48,Rossell Techsys Limited
RPEL,2024-10-08,2024-10-09,2024-10-14,1142.75,1257.03,10.0,TARGET_HIT,4,71.66,3.81,Raghav Productivity Enhancers Limited
RPEL,2026-05-07,2026-05-08,2026-05-12,773.4,742.46,-4.0,STOP_LOSS,3,71.61,3.3,Raghav Productivity Enhancers Limited
RPGLIFE,2024-09-30,2024-10-01,2024-10-03,2320.0,2552.0,10.0,TARGET_HIT,3,78.95,4.05,RPG Life Sciences Limited
RPGLIFE,2025-07-15,2025-07-16,2025-07-18,2579.0,2475.84,-4.0,STOP_LOSS,3,71.13,3.51,RPG Life Sciences Limited
RPGLIFE,2025-10-20,2025-10-21,2025-11-04,2400.1,2462.6,2.6,TIME_EXIT,12,74.18,12.66,RPG Life Sciences Limited
RPGLIFE,2026-04-17,2026-04-20,2026-04-30,2023.8,2226.18,10.0,TARGET_HIT,9,77.38,24.58,RPG Life Sciences Limited
RPTECH,2025-07-09,2025-07-10,2025-07-15,308.6,296.26,-4.0,STOP_LOSS,4,82.48,4.49,Rashi Peripherals Limited
RUBFILA,2024-10-30,2024-10-31,2024-10-31,84.0,80.64,-4.0,STOP_LOSS,1,71.27,4.77,Rubfila International Limited
RUSTOMJEE,2026-06-17,2026-06-18,2026-06-18,413.0,396.48,-4.0,STOP_LOSS,1,79.47,17.06,Keystone Realtors Limited
RVHL,2024-12-13,2024-12-16,2024-12-16,80.5,77.28,-4.0,STOP_LOSS,1,73.89,3.44,Ravinder Heights Limited
SAFARI,2025-01-03,2025-01-06,2025-01-06,2663.55,2557.01,-4.0,STOP_LOSS,1,82.42,6.06,Safari Industries (India) Limited
SAFARI,2026-02-03,2026-02-04,2026-02-11,2080.0,1996.8,-4.0,STOP_LOSS,6,79.67,3.2,Safari Industries (India) Limited
SAGILITY,2025-11-14,2025-11-17,2025-11-17,52.89,50.77,-4.0,STOP_LOSS,1,74.61,43.18,SAGILITY LIMITED
SAILIFE,2025-02-20,2025-02-21,2025-02-21,733.0,703.68,-4.0,STOP_LOSS,1,74.29,5.42,Sai Life Sciences Limited
SAKAR,2025-12-09,2025-12-10,2025-12-12,396.0,435.6,10.0,TARGET_HIT,3,77.03,4.75,Sakar Healthcare Limited
SANATHAN,2026-07-15,2026-07-16,2026-07-23,453.8,499.18,10.0,TARGET_HIT,6,70.18,4.88,Sanathan Textiles Limited
SANDHAR,2026-05-06,2026-05-07,2026-05-21,514.0,565.4,10.0,TARGET_HIT,11,87.75,6.86,Sandhar Technologies Limited
SANGAMIND,2025-11-06,2025-11-07,2025-11-11,467.4,448.7,-4.0,STOP_LOSS,3,71.73,5.32,Sangam (India) Limited
SANGAMIND,2025-12-12,2025-12-15,2025-12-30,441.15,474.05,7.46,TIME_EXIT,12,72.32,25.46,Sangam (India) Limited
SANGAMIND,2025-12-30,2025-12-31,2026-01-09,469.3,450.53,-4.0,STOP_LOSS,8,73.37,4.36,Sangam (India) Limited
SANOFICONR,2025-04-08,2025-04-09,2025-04-29,4913.0,4940.9,0.57,TIME_EXIT,12,78.79,7.59,Sanofi Consumer Healthcare India Limited
SANOFICONR,2025-11-04,2025-11-06,2025-11-07,4800.0,4608.0,-4.0,STOP_LOSS,2,81.33,3.85,Sanofi Consumer Healthcare India Limited
SANOFICONR,2026-06-15,2026-06-16,2026-07-01,4743.7,4607.6,-2.87,TIME_EXIT,12,96.37,46.98,Sanofi Consumer Healthcare India Limited
SANOFICONR,2026-06-18,2026-06-19,2026-06-22,4921.9,4725.02,-4.0,STOP_LOSS,2,80.15,5.11,Sanofi Consumer Healthcare India Limited
SANSERA,2025-11-03,2025-11-04,2025-11-07,1570.0,1507.2,-4.0,STOP_LOSS,4,77.07,5.75,Sansera Engineering Limited
SAPPHIRE,2025-10-29,2025-10-30,2025-10-31,295.0,283.2,-4.0,STOP_LOSS,2,71.87,7.64,Sapphire Foods India Limited
SATIA,2026-09-03,2026-09-04,2026-09-07,60.74,66.81,10.0,TARGET_HIT,2,74.73,7.86,Satia Industries Limited
SBCL,2025-02-06,2025-02-07,2025-02-10,525.0,504.0,-4.0,STOP_LOSS,2,77.16,3.37,Shivalik Bimetal Controls Limited
SCHAEFFLER,2025-10-03,2025-10-06,2025-10-10,4275.0,4104.0,-4.0,STOP_LOSS,5,73.89,3.57,Schaeffler India Limited
SCPL,2025-05-23,2025-05-26,2025-05-26,350.0,336.0,-4.0,STOP_LOSS,1,73.65,11.62,Sheetal Cool Products Limited
SEAMECLTD,2025-08-13,2025-08-14,2025-08-29,880.0,968.0,10.0,TARGET_HIT,10,71.98,4.49,Seamec Limited
SEDEMAC,2026-04-01,2026-04-02,2026-04-06,1545.0,1699.5,10.0,TARGET_HIT,3,71.19,3.93,SEDEMAC Mechatronics Limited
SEJALLTD,2025-05-28,2025-05-29,2025-09-10,514.95,566.45,10.0,TARGET_HIT,4,73.39,7.56,Sejal Glass Limited
SEJALLTD,2025-09-18,2025-09-19,2025-09-22,804.0,771.84,-4.0,STOP_LOSS,2,79.24,6.43,Sejal Glass Limited
SESHAPAPER,2025-11-14,2025-11-17,2025-11-18,257.0,246.72,-4.0,STOP_LOSS,2,71.63,6.77,Seshasayee Paper and Boards Limited
SETL,2026-08-24,2026-08-25,2026-08-27,312.0,343.2,10.0,TARGET_HIT,3,80.62,5.78,Standard Engineering Technology Limited
SGFIN,2025-12-17,2025-12-18,2025-12-18,413.4,396.86,-4.0,STOP_LOSS,1,88.81,7.59,SG Finserve Limited
SGIL,2025-04-16,2025-04-17,2025-04-23,438.65,482.52,10.0,TARGET_HIT,4,70.32,3.9,Synergy Green Industries Limited
SGIL,2025-08-14,2025-08-18,2025-08-29,550.0,528.0,-4.0,STOP_LOSS,9,75.81,5.0,Synergy Green Industries Limited
SHARDAMOTR,2025-07-01,2025-07-02,2025-07-04,1992.8,1913.09,-4.0,STOP_LOSS,3,74.78,13.36,Sharda Motor Industries Limited
SHIVAUM,2026-07-07,2026-07-08,2026-07-08,453.0,434.88,-4.0,STOP_LOSS,1,88.08,551.5,Shiv Aum Steels Limited
SHOPERSTOP,2025-04-22,2025-04-23,2025-04-25,557.5,535.2,-4.0,STOP_LOSS,3,82.96,13.39,Shoppers Stop Limited
SHOPERSTOP,2025-07-15,2025-07-16,2025-07-24,552.3,530.21,-4.0,STOP_LOSS,7,81.93,4.25,Shoppers Stop Limited
SHOPERSTOP,2025-10-23,2025-10-24,2025-11-03,526.6,505.54,-4.0,STOP_LOSS,7,72.79,3.39,Shoppers Stop Limited
SHOPERSTOP,2025-10-27,2025-10-28,2025-11-03,532.45,511.15,-4.0,STOP_LOSS,5,71.84,3.0,Shoppers Stop Limited
SHRADHA,2025-06-19,2025-06-20,2025-06-20,77.98,74.86,-4.0,STOP_LOSS,1,94.31,3.06,Shradha Realty Limited
SHREYANIND,2025-05-26,2025-05-27,2025-05-27,237.99,228.47,-4.0,STOP_LOSS,1,74.76,12.37,Shreyans Industries Limited
SHRIPISTON,2026-06-10,2026-06-11,2026-06-16,3425.0,3767.5,10.0,TARGET_HIT,4,83.18,10.17,SPR Auto Technologies Limited
SIGNPOST,2025-06-30,2025-07-01,2025-07-03,214.5,235.95,10.0,TARGET_HIT,3,76.52,139.24,Signpost India Limited
SILVERTUC,2025-06-27,2025-06-30,2025-07-07,765.0,734.4,-4.0,STOP_LOSS,6,72.19,3.66,Silver Touch Technologies Limited
SIMPLEXINF,2025-03-19,2025-03-20,2025-04-01,276.1,303.71,10.0,TARGET_HIT,3,86.68,3.53,Simplex Infrastructures Limited
SIMPLEXINF,2025-05-29,2025-05-30,2025-06-02,301.0,288.96,-4.0,STOP_LOSS,2,78.04,6.12,Simplex Infrastructures Limited
SIMPLEXINF,2025-11-03,2025-11-04,2025-11-04,287.0,275.52,-4.0,STOP_LOSS,1,70.51,4.93,Simplex Infrastructures Limited
SIMPLEXINF,2025-11-04,2025-11-06,2025-11-10,306.65,294.38,-4.0,STOP_LOSS,3,81.66,37.33,Simplex Infrastructures Limited
SIMPLEXINF,2025-11-04,2025-11-06,2025-11-10,306.65,294.38,-4.0,STOP_LOSS,3,81.66,7.97,Simplex Infrastructures Limited
SINCLAIR,2024-11-27,2024-11-28,2024-11-29,108.1,103.78,-4.0,STOP_LOSS,2,70.18,11.25,Sinclairs Hotels Limited
SINTERCOM,2025-12-01,2025-12-02,2025-12-02,119.9,115.1,-4.0,STOP_LOSS,1,98.2,96.06,Sintercom India Limited
SINTERCOM,2026-03-02,2026-03-04,2026-03-04,89.52,85.94,-4.0,STOP_LOSS,1,99.38,8.41,Sintercom India Limited
SINTERCOM,2026-03-02,2026-03-04,2026-03-04,89.52,85.94,-4.0,STOP_LOSS,1,99.38,7.64,Sintercom India Limited
SINTERCOM,2026-04-17,2026-04-20,2026-04-20,85.01,81.61,-4.0,STOP_LOSS,1,82.02,7.81,Sintercom India Limited
SINTERCOM,2026-06-16,2026-06-17,2026-06-29,75.1,72.1,-4.0,STOP_LOSS,9,96.25,43.88,Sintercom India Limited
SINTERCOM,2026-07-16,2026-07-17,2026-07-31,79.4,87.34,10.0,TARGET_HIT,11,98.26,8.2,Sintercom India Limited
SIS,2025-05-22,2025-05-23,2025-05-23,358.25,343.92,-4.0,STOP_LOSS,1,81.91,20.78,SIS LIMITED
SIS,2025-06-05,2025-06-06,2025-06-23,369.0,369.1,0.03,TIME_EXIT,12,77.19,4.39,SIS LIMITED
SIS,2025-11-06,2025-11-07,2025-11-19,339.0,325.44,-4.0,STOP_LOSS,9,72.41,4.39,SIS LIMITED
SKFINDIA,2026-02-04,2026-02-05,2026-02-06,1786.0,1714.56,-4.0,STOP_LOSS,2,72.68,5.39,SKF India Limited
SKFINDIA,2026-02-23,2026-02-24,2026-03-02,1790.0,1718.4,-4.0,STOP_LOSS,5,73.45,13.28,SKF India Limited
SKFINDIA,2026-08-17,2026-08-18,2026-08-20,1660.5,1594.08,-4.0,STOP_LOSS,3,73.08,5.63,SKF India Limited
SKFINDUS,2026-01-28,2026-01-29,2026-02-02,2728.0,2618.88,-4.0,STOP_LOSS,3,90.12,7.18,SKF India (Industrial) Limited
SKFINDUS,2026-04-15,2026-04-16,2026-04-24,2342.0,2248.32,-4.0,STOP_LOSS,7,75.48,17.73,SKF India (Industrial) Limited
SKFINDUS,2026-05-27,2026-05-29,2026-06-03,2160.1,2376.11,10.0,TARGET_HIT,4,87.14,4.33,SKF India (Industrial) Limited
SKFINDUS,2026-05-27,2026-05-29,2026-06-03,2160.1,2376.11,10.0,TARGET_HIT,4,87.14,3.74,SKF India (Industrial) Limited
SMARTWORKS,2025-12-31,2026-01-01,2026-01-08,498.7,478.75,-4.0,STOP_LOSS,6,75.0,5.43,Smartworks Coworking Spaces Limited
SMCGLOBAL,2025-06-23,2025-06-24,2025-07-09,147.26,153.16,4.01,TIME_EXIT,12,78.91,3.27,SMC Global Securities Limited
SOBHA,2025-11-06,2025-11-07,2025-11-14,1654.4,1588.22,-4.0,STOP_LOSS,6,70.95,3.04,Sobha Limited
SOLARA,2024-11-04,2024-11-05,2024-11-12,800.0,768.0,-4.0,STOP_LOSS,6,73.07,5.61,Solara Active Pharma Sciences Limited
SOMANYCERA,2024-11-27,2024-11-28,2024-12-06,692.0,664.32,-4.0,STOP_LOSS,7,89.86,9.04,Somany Ceramics Limited
SOMANYCERA,2026-02-10,2026-02-11,2026-02-16,410.65,394.22,-4.0,STOP_LOSS,4,81.12,5.2,Somany Ceramics Limited
SONAMLTD,2026-08-18,2026-08-19,2026-08-19,62.3,68.53,10.0,TARGET_HIT,1,73.81,16.08,SONAM LIMITED
SOUTHWEST,2024-12-09,2024-12-10,2024-12-10,165.8,159.17,-4.0,STOP_LOSS,1,70.22,5.43,South West Pinnacle Exploration Limited
SPECIALITY,2026-05-21,2026-05-22,2026-05-22,115.78,111.15,-4.0,STOP_LOSS,1,72.07,7.12,Speciality Restaurants Limited
SPECTRUM,2026-05-07,2026-05-08,2026-05-11,1245.0,1369.5,10.0,TARGET_HIT,2,76.48,4.68,Spectrum Electrical Industries Limited
SPLPETRO,2025-04-11,2025-04-15,2025-04-23,623.25,598.32,-4.0,STOP_LOSS,6,83.6,4.98,Supreme Petrochem Limited
SPLPETRO,2025-04-23,2025-04-24,2025-05-09,632.0,695.2,10.0,TARGET_HIT,11,70.66,7.5,Supreme Petrochem Limited
SREEL,2026-09-07,2026-09-08,2026-09-09,279.4,307.34,10.0,TARGET_HIT,2,73.32,3.22,Sreeleathers Limited
STARCEMENT,2025-07-22,2025-07-23,2025-07-25,239.2,229.63,-4.0,STOP_LOSS,3,72.26,13.15,Star Cement Limited
STARHEALTH,2026-07-29,2026-07-30,2026-08-03,615.35,590.74,-4.0,STOP_LOSS,3,70.87,4.28,Star Health and Allied Insurance Company Limited
STARPAPER,2026-09-10,2026-09-11,2026-09-15,170.0,163.2,-4.0,STOP_LOSS,3,76.3,5.0,Star Paper Mills Limited
STEELCAS,2024-10-16,2024-10-17,2024-10-22,784.7,753.31,-4.0,STOP_LOSS,4,84.09,3.54,Steelcast Limited
STEELCAS,2025-01-08,2025-01-09,2025-01-09,916.0,879.36,-4.0,STOP_LOSS,1,71.94,3.12,Steelcast Limited
STYLAMIND,2025-05-15,2025-05-16,2025-05-28,1768.0,1697.28,-4.0,STOP_LOSS,9,81.9,3.08,Stylam Industries Limited
STYRENIX,2026-03-10,2026-03-11,2026-03-23,1952.9,1874.78,-4.0,STOP_LOSS,9,90.58,14.73,Styrenix Performance Materials Limited
SUDEEPPHRM,2026-03-20,2026-03-23,2026-04-07,600.0,602.3,0.38,TIME_EXIT,12,87.56,4.04,Sudeep Pharma Limited
SUMICHEM,2025-01-30,2025-01-31,2025-02-10,522.55,501.65,-4.0,STOP_LOSS,7,80.32,7.96,Sumitomo Chemical India Limited
SUNCLAY,2026-06-29,2026-06-30,2026-07-06,1387.9,1332.38,-4.0,STOP_LOSS,5,81.38,7.86,Sundaram Clayton Limited
SUNDARMFIN,2025-06-27,2025-06-30,2025-07-15,5040.0,5075.0,0.69,TIME_EXIT,12,71.63,4.63,Sundaram Finance Limited
SUNDRMFAST,2024-12-09,2024-12-10,2024-12-13,1192.65,1144.94,-4.0,STOP_LOSS,4,79.62,22.58,Sundram Fasteners Limited
SUNDRMFAST,2024-12-11,2024-12-12,2024-12-17,1179.95,1132.75,-4.0,STOP_LOSS,4,90.3,7.77,Sundram Fasteners Limited
SUNDRMFAST,2025-04-15,2025-04-16,2025-05-05,917.5,925.2,0.84,TIME_EXIT,12,90.29,5.92,Sundram Fasteners Limited
SUNDRMFAST,2026-05-22,2026-05-25,2026-06-08,852.05,817.97,-4.0,STOP_LOSS,11,85.71,3.68,Sundram Fasteners Limited
SUNDROP,2026-04-15,2026-04-16,2026-04-30,650.0,662.5,1.92,TIME_EXIT,12,89.93,4.12,Sundrop Brands Limited
SUNDROP,2026-05-06,2026-05-07,2026-05-22,669.95,676.9,1.04,TIME_EXIT,12,72.08,3.86,Sundrop Brands Limited
SUNTECK,2026-07-09,2026-07-10,2026-07-22,321.5,308.64,-4.0,STOP_LOSS,9,90.95,13.17,Sunteck Realty Limited
SUPRAJIT,2025-05-12,2025-05-13,2025-05-28,404.7,445.17,10.0,TARGET_HIT,12,93.24,6.39,Suprajit Engineering Limited
SUPREMEIND,2024-12-02,2024-12-03,2024-12-18,4821.55,5105.2,5.88,TIME_EXIT,12,70.11,3.75,Supreme Industries Limited
SURAJEST,2026-08-05,2026-08-06,2026-08-07,207.0,198.72,-4.0,STOP_LOSS,2,70.08,6.56,Suraj Estate Developers Limited
SURAJEST,2026-08-13,2026-08-14,2026-08-19,215.97,207.33,-4.0,STOP_LOSS,4,79.16,3.75,Suraj Estate Developers Limited
SURAKSHA,2025-08-18,2025-08-19,2025-08-28,314.1,301.54,-4.0,STOP_LOSS,7,70.52,5.08,Suraksha Diagnostic Limited
SUYOG,2025-09-19,2025-09-22,2025-09-29,816.8,784.13,-4.0,STOP_LOSS,6,80.83,5.38,Suyog Telematics Limited
SWARAJENG,2025-03-17,2025-03-18,2025-03-19,3260.0,3586.0,10.0,TARGET_HIT,2,70.08,5.68,Swaraj Engines Limited
SWIGGY,2025-12-18,2025-12-19,2025-12-23,420.0,403.2,-4.0,STOP_LOSS,3,70.87,6.94,Swiggy Limited
SYNGENE,2025-04-03,2025-04-04,2025-04-04,750.0,720.0,-4.0,STOP_LOSS,1,75.72,8.47,Syngene International Limited
TAALTECH,2026-07-13,2026-07-14,2026-07-14,4140.0,3974.4,-4.0,STOP_LOSS,1,73.78,3.41,Taal Tech Limited
TARMAT,2025-10-09,2025-10-10,2025-10-10,56.35,54.1,-4.0,STOP_LOSS,1,88.24,17.05,Tarmat Limited
TARSONS,2024-12-27,2024-12-30,2024-12-30,420.05,403.25,-4.0,STOP_LOSS,1,76.99,26.52,Tarsons Products Limited
TARSONS,2025-04-02,2025-04-03,2025-04-07,361.65,347.18,-4.0,STOP_LOSS,3,70.1,4.2,Tarsons Products Limited
TARSONS,2025-06-30,2025-07-01,2025-07-07,395.0,379.2,-4.0,STOP_LOSS,5,70.3,6.37,Tarsons Products Limited
TATACHEM,2026-09-15,2026-09-16,2026-09-16,715.0,786.5,10.0,TARGET_HIT,1,96.17,8.61,Tata Chemicals Limited
TATAPOWER,2026-01-02,2026-01-05,2026-01-08,392.5,376.8,-4.0,STOP_LOSS,4,71.86,5.76,Tata Power Company Limited
TEAMLEASE,2025-01-02,2025-01-03,2025-01-06,3066.6,2943.94,-4.0,STOP_LOSS,2,76.23,6.55,Teamlease Services Limited
TECHNOE,2024-10-10,2024-10-11,2024-10-21,1744.4,1674.62,-4.0,STOP_LOSS,7,77.27,3.03,Techno Electric & Engineering Company Limited
THANGAMAYL,2025-12-09,2025-12-10,2025-12-17,3200.0,3520.0,10.0,TARGET_HIT,6,78.73,8.97,Thangamayil Jewellery Limited
THEINVEST,2025-09-19,2025-09-22,2025-09-26,155.29,149.08,-4.0,STOP_LOSS,5,92.85,30.61,The Investment Trust Of India Limited
THEJO,2024-12-06,2024-12-09,2024-12-19,2205.0,2116.8,-4.0,STOP_LOSS,9,79.81,5.31,Thejo Engineering Limited
THEJO,2025-05-15,2025-05-16,2025-05-16,2080.0,1996.8,-4.0,STOP_LOSS,1,78.76,5.88,Thejo Engineering Limited
THEJO,2026-06-15,2026-06-16,2026-06-19,1639.0,1802.9,10.0,TARGET_HIT,4,82.04,13.52,Thejo Engineering Limited
THELEELA,2025-09-17,2025-09-18,2025-09-29,428.0,410.88,-4.0,STOP_LOSS,8,83.51,4.67,Leela Palaces Hotels & Resorts Limited
THELEELA,2026-04-08,2026-04-09,2026-04-24,415.0,429.05,3.39,TIME_EXIT,12,84.94,3.23,Leela Palaces Hotels & Resorts Limited
THEMISMED,2025-12-23,2025-12-24,2025-12-29,104.85,100.66,-4.0,STOP_LOSS,4,77.57,5.18,Themis Medicare Limited
THERMAX,2025-05-14,2025-05-15,2025-05-30,3415.0,3388.2,-0.78,TIME_EXIT,12,80.45,7.3,Thermax Limited
THERMAX,2025-06-04,2025-06-05,2025-06-20,3550.0,3408.0,-4.0,STOP_LOSS,12,75.7,5.35,Thermax Limited
THOMASCOTT,2024-11-28,2024-11-29,2024-12-03,219.33,241.26,10.0,TARGET_HIT,3,96.21,6.6,Thomas Scott (India) Limited
TIINDIA,2025-01-02,2025-01-03,2025-01-06,3672.05,3525.17,-4.0,STOP_LOSS,2,74.17,3.88,Tube Investments of India Limited
TIINDIA,2025-08-06,2025-08-07,2025-08-25,2980.0,3060.0,2.68,TIME_EXIT,12,79.38,9.06,Tube Investments of India Limited
TIINDIA,2026-03-02,2026-03-04,2026-03-09,2803.5,2691.36,-4.0,STOP_LOSS,4,70.39,4.19,Tube Investments of India Limited
TIMKEN,2025-09-10,2025-09-11,2025-09-26,3025.0,2998.2,-0.89,TIME_EXIT,12,83.69,3.78,Timken India Limited
TNPL,2026-01-28,2026-01-29,2026-01-30,138.01,132.49,-4.0,STOP_LOSS,2,80.89,44.37,Tamil Nadu Newsprint & Papers Limited
TORNTPHARM,2025-12-04,2025-12-05,2025-12-22,3805.1,3816.0,0.29,TIME_EXIT,12,84.24,4.54,Torrent Pharmaceuticals Limited
TPLPLASTEH,2025-10-28,2025-10-29,2025-11-06,71.01,68.17,-4.0,STOP_LOSS,7,94.36,26.23,TPL Plastech Limited
TRANSWORLD,2025-03-18,2025-03-19,2025-03-20,261.5,287.65,10.0,TARGET_HIT,2,74.32,4.12,TRANSWORLD SHIPPING LINES LIMITED
TRAVELFOOD,2026-02-10,2026-02-11,2026-02-23,1172.6,1289.86,10.0,TARGET_HIT,9,82.41,5.63,Travel Food Services Limited
TRENT,2025-06-20,2025-06-23,2025-07-04,5850.0,5616.0,-4.0,STOP_LOSS,10,72.18,20.22,Trent Limited
TRUALT,2026-08-13,2026-08-14,2026-08-18,493.0,473.28,-4.0,STOP_LOSS,3,75.64,5.17,TruAlt Bioenergy Limited
TTKPRESTIG,2024-12-03,2024-12-04,2024-12-18,881.45,846.19,-4.0,STOP_LOSS,11,89.67,27.21,TTK Prestige Limited
TTKPRESTIG,2025-05-05,2025-05-06,2025-05-08,650.1,624.1,-4.0,STOP_LOSS,3,83.38,3.55,TTK Prestige Limited
TVSHLTD,2025-10-03,2025-10-06,2025-10-20,13211.0,14532.1,10.0,TARGET_HIT,11,72.55,7.87,TVS Holdings Limited
TVTODAY,2025-01-17,2025-01-20,2025-01-22,210.02,201.62,-4.0,STOP_LOSS,3,77.45,4.89,TV Today Network Limited
TVTODAY,2026-01-07,2026-01-08,2026-01-09,144.0,138.24,-4.0,STOP_LOSS,2,87.67,44.58,TV Today Network Limited
UDS,2026-06-05,2026-06-08,2026-06-08,193.9,186.14,-4.0,STOP_LOSS,1,84.57,17.51,Updater Services Limited
UFLEX,2026-02-09,2026-02-10,2026-02-13,509.0,488.64,-4.0,STOP_LOSS,4,70.81,3.11,UFLEX Limited
UGROCAP,2025-03-19,2025-03-20,2025-03-28,169.8,163.01,-4.0,STOP_LOSS,7,92.78,12.46,Ugro Capital Limited
UNITDSPR,2024-12-30,2024-12-31,2025-01-10,1615.05,1550.45,-4.0,STOP_LOSS,9,76.64,7.53,United Spirits Limited
UNIVASTU,2025-08-20,2025-08-21,2025-08-25,272.1,299.31,10.0,TARGET_HIT,3,81.04,6.63,Univastu India Limited
UNOMINDA,2026-01-02,2026-01-05,2026-01-08,1335.4,1281.98,-4.0,STOP_LOSS,4,71.93,5.38,UNO Minda Limited
UPL,2025-12-30,2025-12-31,2026-01-14,793.3,761.57,-4.0,STOP_LOSS,11,72.67,3.61,UPL Limited
USHAMART,2025-08-25,2025-08-26,2025-09-11,382.3,383.55,0.33,TIME_EXIT,12,74.46,5.0,Usha Martin Limited
UTIAMC,2025-12-31,2026-01-01,2026-01-09,1129.6,1084.42,-4.0,STOP_LOSS,7,87.89,6.31,UTI Asset Management Company Limited
UTIAMC,2026-04-08,2026-04-09,2026-04-09,974.9,935.9,-4.0,STOP_LOSS,1,77.72,9.96,UTI Asset Management Company Limited
UTLSOLAR,2026-04-06,2026-04-07,2026-04-15,215.21,236.73,10.0,TARGET_HIT,7,70.8,4.08,Fujiyama Power Systems Limited
VALIANTLAB,2026-02-09,2026-02-10,2026-02-11,68.49,65.75,-4.0,STOP_LOSS,2,82.44,6.43,Valiant Laboratories Limited
VALIANTLAB,2026-08-18,2026-08-19,2026-08-19,95.1,91.3,-4.0,STOP_LOSS,1,88.16,5.56,Valiant Laboratories Limited
VBL,2024-12-30,2024-12-31,2025-01-08,637.9,612.38,-4.0,STOP_LOSS,7,71.32,5.41,Varun Beverages Limited
VENTIVE,2025-03-21,2025-03-24,2025-03-24,806.15,773.9,-4.0,STOP_LOSS,1,81.3,3.28,Ventive Hospitality Limited
VENTIVE,2026-06-15,2026-06-16,2026-06-24,660.0,633.6,-4.0,STOP_LOSS,7,81.15,11.61,Ventive Hospitality Limited
VENUSREM,2025-02-05,2025-02-06,2025-02-06,361.0,346.56,-4.0,STOP_LOSS,1,75.92,11.27,Venus Remedies Limited
VENUSREM,2025-03-21,2025-03-24,2025-03-25,300.0,288.0,-4.0,STOP_LOSS,2,87.5,4.72,Venus Remedies Limited
VENUSREM,2025-05-16,2025-05-19,2025-05-20,349.0,335.04,-4.0,STOP_LOSS,2,74.97,5.79,Venus Remedies Limited
VENUSREM,2026-06-02,2026-06-03,2026-06-05,1481.8,1629.98,10.0,TARGET_HIT,3,70.45,3.45,Venus Remedies Limited
VERANDA,2024-12-09,2024-12-10,2024-12-19,258.35,248.02,-4.0,STOP_LOSS,8,86.61,6.89,Veranda Learning Solutions Limited
VHL,2025-10-23,2025-10-24,2025-11-20,4202.0,4033.92,-4.0,STOP_LOSS,4,72.27,7.57,Vardhman Holdings Limited
VIDHIING,2024-09-27,2024-09-30,2024-10-04,504.9,484.7,-4.0,STOP_LOSS,5,76.04,5.75,Vidhi Specialty Food Ingredients Limited
VIDHIING,2026-03-06,2026-03-09,2026-03-09,303.0,290.88,-4.0,STOP_LOSS,1,91.14,36.7,Vidhi Specialty Food Ingredients Limited
VIDHIING,2026-07-14,2026-07-15,2026-07-16,315.0,302.4,-4.0,STOP_LOSS,2,70.14,7.68,Vidhi Specialty Food Ingredients Limited
VIDHIING,2026-07-30,2026-07-31,2026-08-03,313.8,345.18,10.0,TARGET_HIT,2,86.32,9.66,Vidhi Specialty Food Ingredients Limited
VIDHIING,2026-08-17,2026-08-18,2026-08-19,322.7,309.79,-4.0,STOP_LOSS,2,77.59,3.53,Vidhi Specialty Food Ingredients Limited
VINATIORGA,2025-04-24,2025-04-25,2025-04-25,1715.0,1646.4,-4.0,STOP_LOSS,1,75.16,3.28,Vinati Organics Limited
VINATIORGA,2025-05-16,2025-05-19,2025-06-03,1794.9,1837.2,2.36,TIME_EXIT,12,70.16,9.49,Vinati Organics Limited
VINATIORGA,2025-05-19,2025-05-20,2025-05-21,1878.9,1803.74,-4.0,STOP_LOSS,2,73.18,3.76,Vinati Organics Limited
VINCOFE,2024-11-29,2024-12-02,2024-12-16,123.2,118.27,-4.0,STOP_LOSS,11,73.16,6.0,Vintage Coffee And Beverages Limited
WELENT,2024-11-29,2024-12-02,2024-12-16,533.9,587.29,10.0,TARGET_HIT,11,75.14,4.21,Welspun Enterprises Limited
WELENT,2025-12-31,2026-01-01,2026-01-08,515.85,495.22,-4.0,STOP_LOSS,6,73.69,4.31,Welspun Enterprises Limited
WELINV,2025-06-05,2025-10-27,2025-10-27,1224.0,1346.4,10.0,TARGET_HIT,1,81.64,16.22,Welspun Investments and Commercials Limited
WELINV,2025-12-01,2025-12-02,2025-12-02,1479.9,1420.7,-4.0,STOP_LOSS,1,70.72,32.34,Welspun Investments and Commercials Limited
WESTLIFE,2025-03-19,2025-03-20,2025-03-25,732.9,703.58,-4.0,STOP_LOSS,4,78.03,3.04,WESTLIFE FOODWORLD LIMITED
WHEELS,2026-01-02,2026-01-05,2026-01-08,885.6,850.18,-4.0,STOP_LOSS,4,70.66,4.07,Wheels India Limited
WHIRLPOOL,2024-09-25,2024-09-26,2024-10-04,2131.0,2344.1,10.0,TARGET_HIT,7,79.08,4.16,Whirlpool of India Limited
WHIRLPOOL,2024-09-26,2024-09-27,2024-10-04,2155.0,2370.5,10.0,TARGET_HIT,6,75.63,3.28,Whirlpool of India Limited
WINDLAS,2024-10-15,2024-10-16,2024-10-22,986.3,946.85,-4.0,STOP_LOSS,5,71.36,3.03,Windlas Biotech Limited
WINDMACHIN,2026-04-17,2026-04-20,2026-04-21,305.96,293.72,-4.0,STOP_LOSS,2,79.18,14.63,Windsor Machines Limited
WSTCSTPAPR,2026-04-22,2026-04-23,2026-04-30,495.0,475.2,-4.0,STOP_LOSS,6,75.7,5.42,West Coast Paper Mills Limited
XPROINDIA,2024-11-25,2024-11-26,2024-11-27,1219.85,1341.84,10.0,TARGET_HIT,2,71.03,4.69,Xpro India Limited
YASHO,2025-01-02,2025-01-03,2025-01-09,2081.0,1997.76,-4.0,STOP_LOSS,5,89.5,4.88,Yasho Industries Limited
YASHO,2026-02-03,2026-02-04,2026-02-17,1375.2,1512.72,10.0,TARGET_HIT,10,73.69,4.46,Yasho Industries Limited
YATHARTH,2025-08-04,2025-08-05,2025-08-08,657.0,722.7,10.0,TARGET_HIT,4,76.15,4.96,Yatharth Hospital & Trauma Care Services Limited
YUKEN,2026-08-05,2026-08-06,2026-08-06,749.55,824.5,10.0,TARGET_HIT,1,88.9,10.12,Yuken India Limited
ZFCVINDIA,2025-12-16,2025-12-17,2026-01-01,14881.0,14729.0,-1.02,TIME_EXIT,12,76.73,5.95,ZF Commercial Vehicle Control Systems India Limited
ZIMLAB,2025-07-17,2025-07-18,2025-07-21,122.6,117.7,-4.0,STOP_LOSS,2,79.86,45.47,Zim Laboratories Limited
ZIMLAB,2025-11-11,2025-11-12,2025-11-13,76.0,72.96,-4.0,STOP_LOSS,2,96.13,38.4,Zim Laboratories Limited
ZOTA,2024-12-02,2024-12-03,2024-12-13,615.0,676.5,10.0,TARGET_HIT,9,75.6,3.64,Zota Health Care LImited
ZOTA,2024-12-09,2024-12-10,2024-12-16,646.0,710.6,10.0,TARGET_HIT,5,76.73,3.89,Zota Health Care LImited
ZYDUSWELL,2025-04-29,2025-04-30,2025-05-02,1802.4,1730.3,-4.0,STOP_LOSS,2,72.95,4.47,Zydus Wellness Limited
ZYDUSWELL,2025-06-06,2025-06-09,2025-06-18,1958.0,2153.8,10.0,TARGET_HIT,8,85.08,5.36,Zydus Wellness Limited
